# Host: localhost  (Version 5.7.23)
# Date: 2019-04-04 23:03:32
# Generator: MySQL-Front 6.0  (Build 2.20)


#
# Structure for table "class"
#

DROP TABLE IF EXISTS `class`;
CREATE TABLE `class` (
  `id` bigint(20) NOT NULL AUTO_INCREMENT,
  `class_order` int(11) DEFAULT NULL,
  `course_id` bigint(20) DEFAULT NULL,
  `end_time` datetime DEFAULT NULL,
  `start_time` datetime DEFAULT NULL,
  `term` int(11) DEFAULT NULL,
  `class_state` int(11) DEFAULT NULL,
  `max_number` int(11) DEFAULT NULL,
  `publish_method` int(11) DEFAULT NULL,
  PRIMARY KEY (`id`)
) ENGINE=InnoDB AUTO_INCREMENT=7 DEFAULT CHARSET=utf8;

#
# Data for table "class"
#

INSERT INTO `class` VALUES (1,2,1,'2019-03-31 16:00:00','2019-03-29 16:00:00',1,1,2,0),(2,1,2,'2019-06-29 16:00:00','2019-04-04 16:00:00',1,1,120,2),(3,2,2,'2019-06-29 16:00:00','2019-04-04 16:00:00',1,1,120,0),(4,1,3,'2019-05-30 16:00:00','2019-04-04 16:00:00',3,1,120,0),(5,2,3,'2019-05-30 16:00:00','2019-04-04 16:00:00',3,1,120,0),(6,1,1,'2019-05-19 16:00:00','2019-04-24 16:00:00',2,0,130,0);

#
# Structure for table "course"
#

DROP TABLE IF EXISTS `course`;
CREATE TABLE `course` (
  `id` bigint(20) NOT NULL AUTO_INCREMENT,
  `grade` int(11) DEFAULT NULL,
  `name` varchar(255) DEFAULT NULL,
  `teacher_id` bigint(20) DEFAULT NULL,
  PRIMARY KEY (`id`)
) ENGINE=InnoDB AUTO_INCREMENT=4 DEFAULT CHARSET=utf8;

#
# Data for table "course"
#

INSERT INTO `course` VALUES (1,1,'计算机系统基础',3),(2,3,'Linux 基础',9),(3,3,'多核并发编程',12);

#
# Structure for table "courseware"
#

DROP TABLE IF EXISTS `courseware`;
CREATE TABLE `courseware` (
  `id` bigint(20) NOT NULL AUTO_INCREMENT,
  `course_id` bigint(20) DEFAULT NULL,
  `name` varchar(255) DEFAULT NULL,
  PRIMARY KEY (`id`),
  KEY `FKbfbwhj0wqfs867r986o7qk3q2` (`course_id`),
  CONSTRAINT `FKbfbwhj0wqfs867r986o7qk3q2` FOREIGN KEY (`course_id`) REFERENCES `course` (`id`)
) ENGINE=InnoDB AUTO_INCREMENT=7 DEFAULT CHARSET=utf8;

#
# Data for table "courseware"
#

INSERT INTO `courseware` VALUES (1,1,'大作业2017.ppt'),(5,1,'大作业2018.ppt'),(6,1,'EJB.ppt');

#
# Structure for table "homework"
#

DROP TABLE IF EXISTS `homework`;
CREATE TABLE `homework` (
  `id` bigint(20) NOT NULL AUTO_INCREMENT,
  `class_id` bigint(20) DEFAULT NULL,
  `deadline` datetime DEFAULT NULL,
  `description` varchar(255) DEFAULT NULL,
  `name` varchar(255) DEFAULT NULL,
  `size_limit` int(11) DEFAULT NULL,
  `type_restriction` varchar(255) DEFAULT NULL,
  `publish_method` int(11) DEFAULT NULL,
  PRIMARY KEY (`id`),
  KEY `FKqs6v916uwdfnaq8ydmx9p5o56` (`class_id`),
  CONSTRAINT `FKqs6v916uwdfnaq8ydmx9p5o56` FOREIGN KEY (`class_id`) REFERENCES `class` (`id`)
) ENGINE=InnoDB AUTO_INCREMENT=6 DEFAULT CHARSET=utf8;

#
# Data for table "homework"
#

INSERT INTO `homework` VALUES (1,1,'2019-03-29 15:44:50','大龙虾','大作业',20,'',0),(2,1,'2019-03-29 15:51:08','四则运算模拟','小作业',20,'',1),(3,1,'2019-03-29 16:00:00','浮点数运算模拟','小作业2',20,'txt/docx',2),(4,2,'2019-04-11 16:00:00','实现ls命令的简单功能','Shell 编程',10,'c/cpp',2),(5,1,'2019-04-29 16:00:00','完成一百道作业','作业100',20,'java/py',0);

#
# Structure for table "log"
#

DROP TABLE IF EXISTS `log`;
CREATE TABLE `log` (
  `id` bigint(20) NOT NULL AUTO_INCREMENT,
  `object_class` varchar(255) DEFAULT NULL,
  `object_id` bigint(20) DEFAULT NULL,
  `operation_type` int(11) DEFAULT NULL,
  `time` datetime DEFAULT NULL,
  `user_id` bigint(20) DEFAULT NULL,
  PRIMARY KEY (`id`)
) ENGINE=InnoDB AUTO_INCREMENT=1512 DEFAULT CHARSET=utf8;

#
# Data for table "log"
#

INSERT INTO `log` VALUES (1,'po.ClassPO',1,0,'2019-03-31 19:53:43',1),(2,'AdminPO',4,0,'2019-04-01 10:47:38',4),(3,'AdminPO',4,0,'2019-04-01 11:00:12',4),(4,'AdminPO',4,0,'2019-04-01 11:13:10',4),(5,'AdminPO',4,0,'2019-04-01 11:24:31',4),(6,'AdminPO',4,0,'2019-04-01 11:41:24',4),(7,'AdminPO',4,0,'2019-04-01 13:17:57',4),(8,'TeacherPO',3,0,'2019-04-01 13:54:23',3),(9,'TeacherPO',3,0,'2019-04-01 14:11:17',3),(10,'TeacherPO',3,0,'2019-04-01 14:45:42',3),(11,'TeacherPO',3,0,'2019-04-01 15:06:49',3),(12,'TeacherPO',3,0,'2019-04-01 15:22:37',3),(13,'TeacherPO',3,0,'2019-04-01 16:06:15',3),(14,'TeacherPO',3,0,'2019-04-01 17:20:21',3),(15,'TeacherPO',3,0,'2019-04-01 17:36:06',3),(16,'TeacherPO',3,0,'2019-04-02 15:52:47',3),(17,'UNDERGRADUATE',1,0,'2019-04-02 16:09:43',1),(18,'TeacherPO',3,0,'2019-04-04 09:53:48',3),(19,'UNDERGRADUATE',1,0,'2019-04-04 09:56:41',1),(20,'UNDERGRADUATE',1,0,'2019-04-04 10:32:16',1),(21,'TeacherPO',3,0,'2019-03-28 22:15:00',3),(22,'TeacherPO',3,0,'2019-03-28 20:36:00',3),(23,'TeacherPO',3,0,'2019-03-28 03:52:00',3),(24,'TeacherPO',3,0,'2019-03-28 22:49:00',3),(25,'TeacherPO',3,0,'2019-03-28 18:46:00',3),(26,'TeacherPO',3,0,'2019-03-28 14:39:00',3),(27,'TeacherPO',3,0,'2019-03-28 15:35:00',3),(28,'TeacherPO',3,0,'2019-03-28 23:20:00',3),(29,'TeacherPO',3,0,'2019-03-28 17:18:00',3),(30,'TeacherPO',3,0,'2019-03-28 13:37:00',3),(31,'TeacherPO',3,0,'2019-03-28 02:13:00',3),(32,'TeacherPO',3,0,'2019-03-28 04:48:00',3),(33,'TeacherPO',3,0,'2019-03-28 05:43:00',3),(34,'TeacherPO',3,0,'2019-03-28 22:58:00',3),(35,'TeacherPO',3,0,'2019-03-28 11:16:00',3),(36,'TeacherPO',3,0,'2019-03-28 09:46:00',3),(37,'TeacherPO',3,0,'2019-03-28 18:25:00',3),(38,'TeacherPO',3,0,'2019-03-28 19:16:00',3),(39,'TeacherPO',3,0,'2019-03-28 19:28:00',3),(40,'TeacherPO',3,0,'2019-03-28 18:16:00',3),(41,'TeacherPO',3,0,'2019-03-28 14:37:00',3),(42,'TeacherPO',3,0,'2019-03-28 21:27:00',3),(43,'TeacherPO',3,0,'2019-03-28 20:25:00',3),(44,'TeacherPO',3,0,'2019-03-28 16:03:00',3),(45,'TeacherPO',3,0,'2019-03-28 17:16:00',3),(46,'TeacherPO',3,0,'2019-03-28 08:28:00',3),(47,'TeacherPO',3,0,'2019-03-28 04:54:00',3),(48,'TeacherPO',3,0,'2019-03-28 20:32:00',3),(49,'TeacherPO',3,0,'2019-03-28 04:19:00',3),(50,'TeacherPO',3,0,'2019-03-28 03:28:00',3),(51,'TeacherPO',3,0,'2019-03-28 01:27:00',3),(52,'TeacherPO',3,0,'2019-03-28 00:22:00',3),(53,'TeacherPO',3,0,'2019-03-28 03:20:00',3),(54,'TeacherPO',3,0,'2019-03-28 15:54:00',3),(55,'TeacherPO',3,0,'2019-03-28 03:55:00',3),(56,'TeacherPO',3,0,'2019-03-28 03:45:00',3),(57,'TeacherPO',3,0,'2019-03-28 21:23:00',3),(58,'TeacherPO',3,0,'2019-03-28 13:48:00',3),(59,'TeacherPO',3,0,'2019-03-28 06:42:00',3),(60,'TeacherPO',3,0,'2019-03-28 03:33:00',3),(61,'TeacherPO',3,0,'2019-03-28 00:26:00',3),(62,'TeacherPO',3,0,'2019-03-28 03:54:00',3),(63,'TeacherPO',3,0,'2019-03-28 23:56:00',3),(64,'TeacherPO',3,0,'2019-03-28 02:39:00',3),(65,'TeacherPO',3,0,'2019-03-28 23:43:00',3),(66,'UNDERGRADUATE',1,0,'2019-03-28 11:48:00',1),(67,'UNDERGRADUATE',1,0,'2019-03-28 11:15:00',1),(68,'UNDERGRADUATE',1,0,'2019-03-28 14:38:00',1),(69,'UNDERGRADUATE',1,0,'2019-03-28 02:13:00',1),(70,'UNDERGRADUATE',1,0,'2019-03-28 01:11:00',1),(71,'UNDERGRADUATE',1,0,'2019-03-28 21:47:00',1),(72,'UNDERGRADUATE',1,0,'2019-03-28 11:14:00',1),(73,'UNDERGRADUATE',1,0,'2019-03-28 04:09:00',1),(74,'UNDERGRADUATE',1,0,'2019-03-28 04:49:00',1),(75,'UNDERGRADUATE',1,0,'2019-03-28 19:54:00',1),(76,'UNDERGRADUATE',1,0,'2019-03-28 06:27:00',1),(77,'UNDERGRADUATE',1,0,'2019-03-28 12:48:00',1),(78,'UNDERGRADUATE',1,0,'2019-03-28 19:40:00',1),(79,'UNDERGRADUATE',1,0,'2019-03-28 10:09:00',1),(80,'UNDERGRADUATE',1,0,'2019-03-28 14:58:00',1),(81,'UNDERGRADUATE',1,0,'2019-03-28 17:07:00',1),(82,'UNDERGRADUATE',1,0,'2019-03-28 14:51:00',1),(83,'UNDERGRADUATE',1,0,'2019-03-28 17:20:00',1),(84,'UNDERGRADUATE',1,0,'2019-03-28 20:21:00',1),(85,'UNDERGRADUATE',1,0,'2019-03-28 02:52:00',1),(86,'UNDERGRADUATE',1,0,'2019-03-28 05:02:00',1),(87,'UNDERGRADUATE',1,0,'2019-03-28 17:51:00',1),(88,'UNDERGRADUATE',1,0,'2019-03-28 19:44:00',1),(89,'UNDERGRADUATE',1,0,'2019-03-28 08:50:00',1),(90,'UNDERGRADUATE',1,0,'2019-03-28 23:16:00',1),(91,'UNDERGRADUATE',1,0,'2019-03-28 03:30:00',1),(92,'UNDERGRADUATE',1,0,'2019-03-28 01:44:00',1),(93,'UNDERGRADUATE',1,0,'2019-03-28 23:06:00',1),(94,'UNDERGRADUATE',1,0,'2019-03-28 16:47:00',1),(95,'UNDERGRADUATE',1,0,'2019-03-28 21:35:00',1),(96,'UNDERGRADUATE',1,0,'2019-03-28 04:58:00',1),(97,'UNDERGRADUATE',1,0,'2019-03-28 12:21:00',1),(98,'UNDERGRADUATE',1,0,'2019-03-28 00:16:00',1),(99,'UNDERGRADUATE',1,0,'2019-03-28 05:16:00',1),(100,'UNDERGRADUATE',1,0,'2019-03-28 06:06:00',1),(101,'UNDERGRADUATE',1,0,'2019-03-28 08:28:00',1),(102,'UNDERGRADUATE',1,0,'2019-03-28 19:37:00',1),(103,'UNDERGRADUATE',1,0,'2019-03-28 03:51:00',1),(104,'UNDERGRADUATE',1,0,'2019-03-28 17:09:00',1),(105,'UNDERGRADUATE',1,0,'2019-03-28 11:38:00',1),(106,'UNDERGRADUATE',1,0,'2019-03-28 03:32:00',1),(107,'UNDERGRADUATE',1,0,'2019-03-28 19:52:00',1),(108,'UNDERGRADUATE',1,0,'2019-03-28 03:53:00',1),(109,'UNDERGRADUATE',1,0,'2019-03-28 01:58:00',1),(110,'UNDERGRADUATE',1,0,'2019-03-28 00:31:00',1),(111,'UNDERGRADUATE',1,0,'2019-03-28 16:07:00',1),(112,'UNDERGRADUATE',1,0,'2019-03-28 03:10:00',1),(113,'UNDERGRADUATE',1,0,'2019-03-28 00:20:00',1),(114,'UNDERGRADUATE',1,0,'2019-03-28 16:16:00',1),(115,'UNDERGRADUATE',1,0,'2019-03-28 10:55:00',1),(116,'UNDERGRADUATE',1,0,'2019-03-28 01:04:00',1),(117,'UNDERGRADUATE',1,0,'2019-03-28 15:06:00',1),(118,'UNDERGRADUATE',1,0,'2019-03-28 14:04:00',1),(119,'UNDERGRADUATE',1,0,'2019-03-28 09:19:00',1),(120,'UNDERGRADUATE',1,0,'2019-03-28 09:37:00',1),(121,'UNDERGRADUATE',1,0,'2019-03-28 17:44:00',1),(122,'UNDERGRADUATE',1,0,'2019-03-28 14:49:00',1),(123,'UNDERGRADUATE',1,0,'2019-03-28 22:06:00',1),(124,'UNDERGRADUATE',1,0,'2019-03-28 00:13:00',1),(125,'UNDERGRADUATE',1,0,'2019-03-28 07:46:00',1),(126,'UNDERGRADUATE',1,0,'2019-03-28 15:21:00',1),(127,'UNDERGRADUATE',1,0,'2019-03-28 00:00:00',1),(128,'UNDERGRADUATE',1,0,'2019-03-28 21:05:00',1),(129,'UNDERGRADUATE',1,0,'2019-03-28 09:47:00',1),(130,'UNDERGRADUATE',1,0,'2019-03-28 07:50:00',1),(131,'UNDERGRADUATE',1,0,'2019-03-28 21:53:00',1),(132,'UNDERGRADUATE',1,0,'2019-03-28 01:11:00',1),(133,'UNDERGRADUATE',1,0,'2019-03-28 05:46:00',1),(134,'UNDERGRADUATE',1,0,'2019-03-28 02:06:00',1),(135,'UNDERGRADUATE',1,0,'2019-03-28 20:39:00',1),(136,'UNDERGRADUATE',1,0,'2019-03-28 07:14:00',1),(137,'UNDERGRADUATE',1,0,'2019-03-28 22:01:00',1),(138,'UNDERGRADUATE',1,0,'2019-03-28 03:02:00',1),(139,'UNDERGRADUATE',1,0,'2019-03-28 17:17:00',1),(140,'UNDERGRADUATE',1,0,'2019-03-28 04:12:00',1),(141,'UNDERGRADUATE',1,0,'2019-03-28 14:30:00',1),(142,'UNDERGRADUATE',1,0,'2019-03-28 09:32:00',1),(143,'UNDERGRADUATE',1,0,'2019-03-28 17:39:00',1),(144,'UNDERGRADUATE',1,0,'2019-03-28 07:53:00',1),(145,'UNDERGRADUATE',1,0,'2019-03-28 19:50:00',1),(146,'UNDERGRADUATE',1,0,'2019-03-28 11:03:00',1),(147,'UNDERGRADUATE',1,0,'2019-03-28 09:42:00',1),(148,'UNDERGRADUATE',1,0,'2019-03-28 02:43:00',1),(149,'UNDERGRADUATE',1,0,'2019-03-28 13:26:00',1),(150,'UNDERGRADUATE',1,0,'2019-03-28 20:40:00',1),(151,'UNDERGRADUATE',1,0,'2019-03-28 18:15:00',1),(152,'UNDERGRADUATE',1,0,'2019-03-28 22:26:00',1),(153,'UNDERGRADUATE',1,0,'2019-03-28 06:44:00',1),(154,'UNDERGRADUATE',1,0,'2019-03-28 23:00:00',1),(155,'UNDERGRADUATE',1,0,'2019-03-28 08:05:00',1),(156,'UNDERGRADUATE',1,0,'2019-03-28 11:10:00',1),(157,'UNDERGRADUATE',1,0,'2019-03-28 00:49:00',1),(158,'UNDERGRADUATE',1,0,'2019-03-28 19:02:00',1),(159,'UNDERGRADUATE',1,0,'2019-03-28 22:33:00',1),(160,'UNDERGRADUATE',1,0,'2019-03-28 13:33:00',1),(161,'UNDERGRADUATE',1,0,'2019-03-28 18:18:00',1),(162,'UNDERGRADUATE',1,0,'2019-03-28 15:55:00',1),(163,'UNDERGRADUATE',1,0,'2019-03-28 19:10:00',1),(164,'UNDERGRADUATE',1,0,'2019-03-28 23:40:00',1),(165,'UNDERGRADUATE',1,0,'2019-03-28 11:08:00',1),(166,'UNDERGRADUATE',1,0,'2019-03-28 14:25:00',1),(167,'UNDERGRADUATE',1,0,'2019-03-28 23:15:00',1),(168,'UNDERGRADUATE',1,0,'2019-03-28 20:19:00',1),(169,'UNDERGRADUATE',1,0,'2019-03-28 05:54:00',1),(170,'UNDERGRADUATE',1,0,'2019-03-28 21:59:00',1),(171,'UNDERGRADUATE',1,0,'2019-03-28 22:09:00',1),(172,'UNDERGRADUATE',1,0,'2019-03-28 08:11:00',1),(173,'UNDERGRADUATE',1,0,'2019-03-28 02:55:00',1),(174,'UNDERGRADUATE',1,0,'2019-03-28 08:29:00',1),(175,'UNDERGRADUATE',1,0,'2019-03-28 19:12:00',1),(176,'UNDERGRADUATE',1,0,'2019-03-28 11:42:00',1),(177,'UNDERGRADUATE',1,0,'2019-03-28 18:10:00',1),(178,'UNDERGRADUATE',1,0,'2019-03-28 07:50:00',1),(179,'UNDERGRADUATE',1,0,'2019-03-28 06:33:00',1),(180,'UNDERGRADUATE',1,0,'2019-03-28 05:50:00',1),(181,'UNDERGRADUATE',1,0,'2019-03-28 03:52:00',1),(182,'UNDERGRADUATE',1,0,'2019-03-28 06:42:00',1),(183,'UNDERGRADUATE',1,0,'2019-03-28 22:30:00',1),(184,'UNDERGRADUATE',1,0,'2019-03-28 03:11:00',1),(185,'UNDERGRADUATE',1,0,'2019-03-28 23:26:00',1),(186,'UNDERGRADUATE',1,0,'2019-03-28 09:14:00',1),(187,'UNDERGRADUATE',1,0,'2019-03-28 23:27:00',1),(188,'UNDERGRADUATE',1,0,'2019-03-28 16:48:00',1),(189,'UNDERGRADUATE',1,0,'2019-03-28 17:53:00',1),(190,'UNDERGRADUATE',1,0,'2019-03-28 04:49:00',1),(191,'UNDERGRADUATE',1,0,'2019-03-28 21:33:00',1),(192,'UNDERGRADUATE',1,0,'2019-03-28 04:54:00',1),(193,'GRADUATE',2,0,'2019-03-28 15:32:00',2),(194,'GRADUATE',2,0,'2019-03-28 11:38:00',2),(195,'GRADUATE',2,0,'2019-03-28 15:24:00',2),(196,'GRADUATE',2,0,'2019-03-28 10:29:00',2),(197,'GRADUATE',2,0,'2019-03-28 05:36:00',2),(198,'GRADUATE',2,0,'2019-03-28 23:16:00',2),(199,'GRADUATE',2,0,'2019-03-28 18:47:00',2),(200,'GRADUATE',2,0,'2019-03-28 13:28:00',2),(201,'GRADUATE',2,0,'2019-03-28 04:19:00',2),(202,'GRADUATE',2,0,'2019-03-28 22:40:00',2),(203,'GRADUATE',2,0,'2019-03-28 14:19:00',2),(204,'GRADUATE',2,0,'2019-03-28 23:19:00',2),(205,'GRADUATE',2,0,'2019-03-28 18:07:00',2),(206,'GRADUATE',2,0,'2019-03-28 11:32:00',2),(207,'GRADUATE',2,0,'2019-03-28 20:05:00',2),(208,'GRADUATE',2,0,'2019-03-28 11:49:00',2),(209,'GRADUATE',2,0,'2019-03-28 04:57:00',2),(210,'GRADUATE',2,0,'2019-03-28 14:01:00',2),(211,'GRADUATE',2,0,'2019-03-28 07:08:00',2),(212,'GRADUATE',2,0,'2019-03-28 19:09:00',2),(213,'GRADUATE',2,0,'2019-03-28 03:22:00',2),(214,'GRADUATE',2,0,'2019-03-28 16:12:00',2),(215,'GRADUATE',2,0,'2019-03-28 13:54:00',2),(216,'GRADUATE',2,0,'2019-03-28 05:40:00',2),(217,'GRADUATE',2,0,'2019-03-28 01:55:00',2),(218,'GRADUATE',2,0,'2019-03-28 18:41:00',2),(219,'GRADUATE',2,0,'2019-03-28 21:00:00',2),(220,'GRADUATE',2,0,'2019-03-28 02:30:00',2),(221,'GRADUATE',2,0,'2019-03-28 11:22:00',2),(222,'GRADUATE',2,0,'2019-03-28 19:35:00',2),(223,'GRADUATE',2,0,'2019-03-28 09:54:00',2),(224,'GRADUATE',2,0,'2019-03-28 19:08:00',2),(225,'GRADUATE',2,0,'2019-03-28 06:14:00',2),(226,'GRADUATE',2,0,'2019-03-28 17:45:00',2),(227,'GRADUATE',2,0,'2019-03-28 19:37:00',2),(228,'GRADUATE',2,0,'2019-03-28 20:27:00',2),(229,'GRADUATE',2,0,'2019-03-28 03:10:00',2),(230,'GRADUATE',2,0,'2019-03-28 20:15:00',2),(231,'GRADUATE',2,0,'2019-03-28 08:10:00',2),(232,'GRADUATE',2,0,'2019-03-28 19:27:00',2),(233,'GRADUATE',2,0,'2019-03-28 12:26:00',2),(234,'GRADUATE',2,0,'2019-03-28 08:49:00',2),(235,'GRADUATE',2,0,'2019-03-28 18:21:00',2),(236,'GRADUATE',2,0,'2019-03-28 08:16:00',2),(237,'GRADUATE',2,0,'2019-03-28 23:08:00',2),(238,'GRADUATE',2,0,'2019-03-28 01:54:00',2),(239,'GRADUATE',2,0,'2019-03-28 15:03:00',2),(240,'GRADUATE',2,0,'2019-03-28 12:45:00',2),(241,'GRADUATE',2,0,'2019-03-28 00:20:00',2),(242,'GRADUATE',2,0,'2019-03-28 22:54:00',2),(243,'GRADUATE',2,0,'2019-03-28 21:10:00',2),(244,'GRADUATE',2,0,'2019-03-28 04:03:00',2),(245,'GRADUATE',2,0,'2019-03-28 00:32:00',2),(246,'GRADUATE',2,0,'2019-03-28 08:08:00',2),(247,'GRADUATE',2,0,'2019-03-28 00:52:00',2),(248,'GRADUATE',2,0,'2019-03-28 12:21:00',2),(249,'GRADUATE',2,0,'2019-03-28 18:15:00',2),(250,'GRADUATE',2,0,'2019-03-28 18:36:00',2),(251,'GRADUATE',2,0,'2019-03-28 15:32:00',2),(252,'GRADUATE',2,0,'2019-03-28 21:11:00',2),(253,'GRADUATE',2,0,'2019-03-28 18:25:00',2),(254,'GRADUATE',2,0,'2019-03-28 00:30:00',2),(255,'GRADUATE',2,0,'2019-03-28 12:03:00',2),(256,'GRADUATE',2,0,'2019-03-28 01:26:00',2),(257,'GRADUATE',2,0,'2019-03-28 14:38:00',2),(258,'GRADUATE',2,0,'2019-03-28 02:05:00',2),(259,'GRADUATE',2,0,'2019-03-28 18:40:00',2),(260,'GRADUATE',2,0,'2019-03-28 12:09:00',2),(261,'GRADUATE',2,0,'2019-03-28 15:14:00',2),(262,'TeacherPO',3,0,'2019-03-29 20:31:00',3),(263,'TeacherPO',3,0,'2019-03-29 20:31:00',3),(264,'TeacherPO',3,0,'2019-03-29 02:34:00',3),(265,'TeacherPO',3,0,'2019-03-29 15:52:00',3),(266,'TeacherPO',3,0,'2019-03-29 15:49:00',3),(267,'TeacherPO',3,0,'2019-03-29 06:02:00',3),(268,'TeacherPO',3,0,'2019-03-29 18:25:00',3),(269,'TeacherPO',3,0,'2019-03-29 18:49:00',3),(270,'TeacherPO',3,0,'2019-03-29 07:39:00',3),(271,'TeacherPO',3,0,'2019-03-29 00:02:00',3),(272,'TeacherPO',3,0,'2019-03-29 08:37:00',3),(273,'TeacherPO',3,0,'2019-03-29 12:36:00',3),(274,'TeacherPO',3,0,'2019-03-29 17:26:00',3),(275,'TeacherPO',3,0,'2019-03-29 11:13:00',3),(276,'TeacherPO',3,0,'2019-03-29 21:11:00',3),(277,'TeacherPO',3,0,'2019-03-29 06:42:00',3),(278,'TeacherPO',3,0,'2019-03-29 15:38:00',3),(279,'TeacherPO',3,0,'2019-03-29 18:51:00',3),(280,'TeacherPO',3,0,'2019-03-29 19:53:00',3),(281,'TeacherPO',3,0,'2019-03-29 12:15:00',3),(282,'TeacherPO',3,0,'2019-03-29 10:32:00',3),(283,'TeacherPO',3,0,'2019-03-29 03:45:00',3),(284,'TeacherPO',3,0,'2019-03-29 20:03:00',3),(285,'TeacherPO',3,0,'2019-03-29 22:35:00',3),(286,'TeacherPO',3,0,'2019-03-29 00:27:00',3),(287,'TeacherPO',3,0,'2019-03-29 04:04:00',3),(288,'TeacherPO',3,0,'2019-03-29 15:56:00',3),(289,'TeacherPO',3,0,'2019-03-29 10:01:00',3),(290,'TeacherPO',3,0,'2019-03-29 15:30:00',3),(291,'TeacherPO',3,0,'2019-03-29 06:08:00',3),(292,'TeacherPO',3,0,'2019-03-29 19:24:00',3),(293,'TeacherPO',3,0,'2019-03-29 19:09:00',3),(294,'TeacherPO',3,0,'2019-03-29 00:45:00',3),(295,'UNDERGRADUATE',1,0,'2019-03-29 02:18:00',1),(296,'UNDERGRADUATE',1,0,'2019-03-29 09:12:00',1),(297,'UNDERGRADUATE',1,0,'2019-03-29 19:04:00',1),(298,'UNDERGRADUATE',1,0,'2019-03-29 12:14:00',1),(299,'UNDERGRADUATE',1,0,'2019-03-29 08:23:00',1),(300,'UNDERGRADUATE',1,0,'2019-03-29 08:49:00',1),(301,'UNDERGRADUATE',1,0,'2019-03-29 07:38:00',1),(302,'UNDERGRADUATE',1,0,'2019-03-29 14:28:00',1),(303,'UNDERGRADUATE',1,0,'2019-03-29 09:19:00',1),(304,'UNDERGRADUATE',1,0,'2019-03-29 19:45:00',1),(305,'UNDERGRADUATE',1,0,'2019-03-29 05:55:00',1),(306,'UNDERGRADUATE',1,0,'2019-03-29 12:55:00',1),(307,'UNDERGRADUATE',1,0,'2019-03-29 11:55:00',1),(308,'UNDERGRADUATE',1,0,'2019-03-29 19:01:00',1),(309,'UNDERGRADUATE',1,0,'2019-03-29 04:59:00',1),(310,'UNDERGRADUATE',1,0,'2019-03-29 20:19:00',1),(311,'UNDERGRADUATE',1,0,'2019-03-29 11:12:00',1),(312,'UNDERGRADUATE',1,0,'2019-03-29 09:03:00',1),(313,'UNDERGRADUATE',1,0,'2019-03-29 08:46:00',1),(314,'UNDERGRADUATE',1,0,'2019-03-29 13:25:00',1),(315,'UNDERGRADUATE',1,0,'2019-03-29 01:58:00',1),(316,'UNDERGRADUATE',1,0,'2019-03-29 09:39:00',1),(317,'UNDERGRADUATE',1,0,'2019-03-29 21:12:00',1),(318,'UNDERGRADUATE',1,0,'2019-03-29 02:43:00',1),(319,'UNDERGRADUATE',1,0,'2019-03-29 07:53:00',1),(320,'UNDERGRADUATE',1,0,'2019-03-29 19:55:00',1),(321,'UNDERGRADUATE',1,0,'2019-03-29 03:23:00',1),(322,'UNDERGRADUATE',1,0,'2019-03-29 12:20:00',1),(323,'UNDERGRADUATE',1,0,'2019-03-29 00:06:00',1),(324,'UNDERGRADUATE',1,0,'2019-03-29 15:45:00',1),(325,'UNDERGRADUATE',1,0,'2019-03-29 10:01:00',1),(326,'UNDERGRADUATE',1,0,'2019-03-29 10:18:00',1),(327,'UNDERGRADUATE',1,0,'2019-03-29 03:50:00',1),(328,'UNDERGRADUATE',1,0,'2019-03-29 14:23:00',1),(329,'UNDERGRADUATE',1,0,'2019-03-29 21:51:00',1),(330,'UNDERGRADUATE',1,0,'2019-03-29 19:02:00',1),(331,'UNDERGRADUATE',1,0,'2019-03-29 06:44:00',1),(332,'UNDERGRADUATE',1,0,'2019-03-29 14:05:00',1),(333,'UNDERGRADUATE',1,0,'2019-03-29 09:55:00',1),(334,'UNDERGRADUATE',1,0,'2019-03-29 16:15:00',1),(335,'UNDERGRADUATE',1,0,'2019-03-29 21:15:00',1),(336,'UNDERGRADUATE',1,0,'2019-03-29 04:23:00',1),(337,'UNDERGRADUATE',1,0,'2019-03-29 12:02:00',1),(338,'UNDERGRADUATE',1,0,'2019-03-29 04:58:00',1),(339,'UNDERGRADUATE',1,0,'2019-03-29 02:42:00',1),(340,'UNDERGRADUATE',1,0,'2019-03-29 01:06:00',1),(341,'UNDERGRADUATE',1,0,'2019-03-29 16:50:00',1),(342,'UNDERGRADUATE',1,0,'2019-03-29 21:27:00',1),(343,'UNDERGRADUATE',1,0,'2019-03-29 12:50:00',1),(344,'UNDERGRADUATE',1,0,'2019-03-29 22:42:00',1),(345,'UNDERGRADUATE',1,0,'2019-03-29 23:56:00',1),(346,'UNDERGRADUATE',1,0,'2019-03-29 18:18:00',1),(347,'UNDERGRADUATE',1,0,'2019-03-29 10:27:00',1),(348,'UNDERGRADUATE',1,0,'2019-03-29 10:18:00',1),(349,'UNDERGRADUATE',1,0,'2019-03-29 06:34:00',1),(350,'UNDERGRADUATE',1,0,'2019-03-29 12:10:00',1),(351,'UNDERGRADUATE',1,0,'2019-03-29 15:03:00',1),(352,'UNDERGRADUATE',1,0,'2019-03-29 17:14:00',1),(353,'UNDERGRADUATE',1,0,'2019-03-29 20:42:00',1),(354,'UNDERGRADUATE',1,0,'2019-03-29 07:41:00',1),(355,'UNDERGRADUATE',1,0,'2019-03-29 13:16:00',1),(356,'UNDERGRADUATE',1,0,'2019-03-29 12:24:00',1),(357,'UNDERGRADUATE',1,0,'2019-03-29 17:01:00',1),(358,'UNDERGRADUATE',1,0,'2019-03-29 00:01:00',1),(359,'UNDERGRADUATE',1,0,'2019-03-29 03:37:00',1),(360,'UNDERGRADUATE',1,0,'2019-03-29 21:03:00',1),(361,'UNDERGRADUATE',1,0,'2019-03-29 09:16:00',1),(362,'UNDERGRADUATE',1,0,'2019-03-29 22:32:00',1),(363,'UNDERGRADUATE',1,0,'2019-03-29 09:14:00',1),(364,'UNDERGRADUATE',1,0,'2019-03-29 09:31:00',1),(365,'UNDERGRADUATE',1,0,'2019-03-29 08:46:00',1),(366,'UNDERGRADUATE',1,0,'2019-03-29 02:33:00',1),(367,'UNDERGRADUATE',1,0,'2019-03-29 17:03:00',1),(368,'UNDERGRADUATE',1,0,'2019-03-29 06:54:00',1),(369,'UNDERGRADUATE',1,0,'2019-03-29 22:44:00',1),(370,'UNDERGRADUATE',1,0,'2019-03-29 17:36:00',1),(371,'GRADUATE',2,0,'2019-03-29 16:00:00',2),(372,'GRADUATE',2,0,'2019-03-29 03:10:00',2),(373,'GRADUATE',2,0,'2019-03-29 02:06:00',2),(374,'GRADUATE',2,0,'2019-03-29 10:49:00',2),(375,'GRADUATE',2,0,'2019-03-29 20:54:00',2),(376,'GRADUATE',2,0,'2019-03-29 19:56:00',2),(377,'GRADUATE',2,0,'2019-03-29 12:18:00',2),(378,'GRADUATE',2,0,'2019-03-29 10:44:00',2),(379,'GRADUATE',2,0,'2019-03-29 01:35:00',2),(380,'GRADUATE',2,0,'2019-03-29 22:05:00',2),(381,'GRADUATE',2,0,'2019-03-29 22:34:00',2),(382,'GRADUATE',2,0,'2019-03-29 12:43:00',2),(383,'GRADUATE',2,0,'2019-03-29 20:31:00',2),(384,'GRADUATE',2,0,'2019-03-29 14:47:00',2),(385,'GRADUATE',2,0,'2019-03-29 15:53:00',2),(386,'GRADUATE',2,0,'2019-03-29 01:23:00',2),(387,'GRADUATE',2,0,'2019-03-29 07:26:00',2),(388,'GRADUATE',2,0,'2019-03-29 20:51:00',2),(389,'GRADUATE',2,0,'2019-03-29 22:41:00',2),(390,'GRADUATE',2,0,'2019-03-29 12:05:00',2),(391,'GRADUATE',2,0,'2019-03-29 17:01:00',2),(392,'GRADUATE',2,0,'2019-03-29 12:48:00',2),(393,'GRADUATE',2,0,'2019-03-29 00:12:00',2),(394,'GRADUATE',2,0,'2019-03-29 18:17:00',2),(395,'GRADUATE',2,0,'2019-03-29 15:37:00',2),(396,'GRADUATE',2,0,'2019-03-29 05:43:00',2),(397,'GRADUATE',2,0,'2019-03-29 07:36:00',2),(398,'GRADUATE',2,0,'2019-03-29 02:34:00',2),(399,'GRADUATE',2,0,'2019-03-29 23:21:00',2),(400,'GRADUATE',2,0,'2019-03-29 14:54:00',2),(401,'GRADUATE',2,0,'2019-03-29 03:53:00',2),(402,'GRADUATE',2,0,'2019-03-29 22:22:00',2),(403,'GRADUATE',2,0,'2019-03-29 23:33:00',2),(404,'GRADUATE',2,0,'2019-03-29 18:43:00',2),(405,'GRADUATE',2,0,'2019-03-29 13:39:00',2),(406,'GRADUATE',2,0,'2019-03-29 16:59:00',2),(407,'GRADUATE',2,0,'2019-03-29 18:39:00',2),(408,'GRADUATE',2,0,'2019-03-29 20:36:00',2),(409,'GRADUATE',2,0,'2019-03-29 15:06:00',2),(410,'GRADUATE',2,0,'2019-03-29 05:18:00',2),(411,'GRADUATE',2,0,'2019-03-29 10:07:00',2),(412,'GRADUATE',2,0,'2019-03-29 11:55:00',2),(413,'GRADUATE',2,0,'2019-03-29 21:04:00',2),(414,'GRADUATE',2,0,'2019-03-29 13:36:00',2),(415,'GRADUATE',2,0,'2019-03-29 06:52:00',2),(416,'GRADUATE',2,0,'2019-03-29 15:33:00',2),(417,'GRADUATE',2,0,'2019-03-29 14:55:00',2),(418,'GRADUATE',2,0,'2019-03-29 16:45:00',2),(419,'GRADUATE',2,0,'2019-03-29 14:22:00',2),(420,'GRADUATE',2,0,'2019-03-29 17:43:00',2),(421,'GRADUATE',2,0,'2019-03-29 18:49:00',2),(422,'GRADUATE',2,0,'2019-03-29 09:51:00',2),(423,'GRADUATE',2,0,'2019-03-29 09:23:00',2),(424,'GRADUATE',2,0,'2019-03-29 22:26:00',2),(425,'GRADUATE',2,0,'2019-03-29 05:17:00',2),(426,'GRADUATE',2,0,'2019-03-29 23:50:00',2),(427,'GRADUATE',2,0,'2019-03-29 13:28:00',2),(428,'TeacherPO',3,0,'2019-03-30 20:10:00',3),(429,'TeacherPO',3,0,'2019-03-30 13:23:00',3),(430,'TeacherPO',3,0,'2019-03-30 11:07:00',3),(431,'TeacherPO',3,0,'2019-03-30 22:28:00',3),(432,'TeacherPO',3,0,'2019-03-30 18:37:00',3),(433,'TeacherPO',3,0,'2019-03-30 20:34:00',3),(434,'TeacherPO',3,0,'2019-03-30 10:54:00',3),(435,'TeacherPO',3,0,'2019-03-30 04:10:00',3),(436,'TeacherPO',3,0,'2019-03-30 03:30:00',3),(437,'TeacherPO',3,0,'2019-03-30 15:29:00',3),(438,'TeacherPO',3,0,'2019-03-30 02:44:00',3),(439,'TeacherPO',3,0,'2019-03-30 17:11:00',3),(440,'TeacherPO',3,0,'2019-03-30 03:39:00',3),(441,'TeacherPO',3,0,'2019-03-30 06:47:00',3),(442,'TeacherPO',3,0,'2019-03-30 09:04:00',3),(443,'TeacherPO',3,0,'2019-03-30 20:21:00',3),(444,'TeacherPO',3,0,'2019-03-30 23:41:00',3),(445,'TeacherPO',3,0,'2019-03-30 09:21:00',3),(446,'TeacherPO',3,0,'2019-03-30 10:01:00',3),(447,'TeacherPO',3,0,'2019-03-30 18:13:00',3),(448,'TeacherPO',3,0,'2019-03-30 05:43:00',3),(449,'TeacherPO',3,0,'2019-03-30 20:46:00',3),(450,'TeacherPO',3,0,'2019-03-30 08:08:00',3),(451,'TeacherPO',3,0,'2019-03-30 03:28:00',3),(452,'TeacherPO',3,0,'2019-03-30 14:20:00',3),(453,'TeacherPO',3,0,'2019-03-30 13:42:00',3),(454,'TeacherPO',3,0,'2019-03-30 18:21:00',3),(455,'TeacherPO',3,0,'2019-03-30 18:30:00',3),(456,'TeacherPO',3,0,'2019-03-30 06:20:00',3),(457,'TeacherPO',3,0,'2019-03-30 19:51:00',3),(458,'TeacherPO',3,0,'2019-03-30 15:27:00',3),(459,'TeacherPO',3,0,'2019-03-30 19:01:00',3),(460,'TeacherPO',3,0,'2019-03-30 08:28:00',3),(461,'TeacherPO',3,0,'2019-03-30 06:46:00',3),(462,'TeacherPO',3,0,'2019-03-30 17:59:00',3),(463,'TeacherPO',3,0,'2019-03-30 13:42:00',3),(464,'TeacherPO',3,0,'2019-03-30 11:41:00',3),(465,'TeacherPO',3,0,'2019-03-30 03:54:00',3),(466,'TeacherPO',3,0,'2019-03-30 11:37:00',3),(467,'TeacherPO',3,0,'2019-03-30 16:51:00',3),(468,'TeacherPO',3,0,'2019-03-30 17:21:00',3),(469,'TeacherPO',3,0,'2019-03-30 15:17:00',3),(470,'TeacherPO',3,0,'2019-03-30 13:30:00',3),(471,'TeacherPO',3,0,'2019-03-30 05:55:00',3),(472,'TeacherPO',3,0,'2019-03-30 05:05:00',3),(473,'TeacherPO',3,0,'2019-03-30 17:29:00',3),(474,'TeacherPO',3,0,'2019-03-30 20:54:00',3),(475,'UNDERGRADUATE',1,0,'2019-03-30 04:14:00',1),(476,'UNDERGRADUATE',1,0,'2019-03-30 08:54:00',1),(477,'UNDERGRADUATE',1,0,'2019-03-30 04:32:00',1),(478,'UNDERGRADUATE',1,0,'2019-03-30 23:13:00',1),(479,'UNDERGRADUATE',1,0,'2019-03-30 12:20:00',1),(480,'UNDERGRADUATE',1,0,'2019-03-30 14:37:00',1),(481,'UNDERGRADUATE',1,0,'2019-03-30 23:12:00',1),(482,'UNDERGRADUATE',1,0,'2019-03-30 03:02:00',1),(483,'UNDERGRADUATE',1,0,'2019-03-30 03:56:00',1),(484,'UNDERGRADUATE',1,0,'2019-03-30 00:33:00',1),(485,'UNDERGRADUATE',1,0,'2019-03-30 02:29:00',1),(486,'UNDERGRADUATE',1,0,'2019-03-30 22:51:00',1),(487,'UNDERGRADUATE',1,0,'2019-03-30 14:17:00',1),(488,'UNDERGRADUATE',1,0,'2019-03-30 10:28:00',1),(489,'UNDERGRADUATE',1,0,'2019-03-30 10:21:00',1),(490,'UNDERGRADUATE',1,0,'2019-03-30 09:21:00',1),(491,'UNDERGRADUATE',1,0,'2019-03-30 03:10:00',1),(492,'UNDERGRADUATE',1,0,'2019-03-30 00:27:00',1),(493,'UNDERGRADUATE',1,0,'2019-03-30 13:35:00',1),(494,'UNDERGRADUATE',1,0,'2019-03-30 11:02:00',1),(495,'UNDERGRADUATE',1,0,'2019-03-30 10:52:00',1),(496,'UNDERGRADUATE',1,0,'2019-03-30 07:02:00',1),(497,'UNDERGRADUATE',1,0,'2019-03-30 13:09:00',1),(498,'UNDERGRADUATE',1,0,'2019-03-30 20:18:00',1),(499,'UNDERGRADUATE',1,0,'2019-03-30 21:15:00',1),(500,'UNDERGRADUATE',1,0,'2019-03-30 02:47:00',1),(501,'UNDERGRADUATE',1,0,'2019-03-30 13:28:00',1),(502,'UNDERGRADUATE',1,0,'2019-03-30 04:47:00',1),(503,'UNDERGRADUATE',1,0,'2019-03-30 00:45:00',1),(504,'UNDERGRADUATE',1,0,'2019-03-30 10:16:00',1),(505,'UNDERGRADUATE',1,0,'2019-03-30 09:04:00',1),(506,'UNDERGRADUATE',1,0,'2019-03-30 00:03:00',1),(507,'UNDERGRADUATE',1,0,'2019-03-30 01:28:00',1),(508,'UNDERGRADUATE',1,0,'2019-03-30 04:30:00',1),(509,'UNDERGRADUATE',1,0,'2019-03-30 10:47:00',1),(510,'UNDERGRADUATE',1,0,'2019-03-30 13:31:00',1),(511,'UNDERGRADUATE',1,0,'2019-03-30 00:58:00',1),(512,'UNDERGRADUATE',1,0,'2019-03-30 07:02:00',1),(513,'UNDERGRADUATE',1,0,'2019-03-30 08:56:00',1),(514,'UNDERGRADUATE',1,0,'2019-03-30 11:03:00',1),(515,'UNDERGRADUATE',1,0,'2019-03-30 08:21:00',1),(516,'UNDERGRADUATE',1,0,'2019-03-30 10:28:00',1),(517,'UNDERGRADUATE',1,0,'2019-03-30 05:50:00',1),(518,'UNDERGRADUATE',1,0,'2019-03-30 02:02:00',1),(519,'UNDERGRADUATE',1,0,'2019-03-30 20:58:00',1),(520,'UNDERGRADUATE',1,0,'2019-03-30 02:44:00',1),(521,'UNDERGRADUATE',1,0,'2019-03-30 08:51:00',1),(522,'UNDERGRADUATE',1,0,'2019-03-30 07:12:00',1),(523,'UNDERGRADUATE',1,0,'2019-03-30 10:43:00',1),(524,'UNDERGRADUATE',1,0,'2019-03-30 09:59:00',1),(525,'UNDERGRADUATE',1,0,'2019-03-30 07:43:00',1),(526,'UNDERGRADUATE',1,0,'2019-03-30 08:24:00',1),(527,'UNDERGRADUATE',1,0,'2019-03-30 11:07:00',1),(528,'UNDERGRADUATE',1,0,'2019-03-30 16:21:00',1),(529,'UNDERGRADUATE',1,0,'2019-03-30 03:40:00',1),(530,'UNDERGRADUATE',1,0,'2019-03-30 03:25:00',1),(531,'UNDERGRADUATE',1,0,'2019-03-30 08:42:00',1),(532,'UNDERGRADUATE',1,0,'2019-03-30 13:14:00',1),(533,'UNDERGRADUATE',1,0,'2019-03-30 23:25:00',1),(534,'UNDERGRADUATE',1,0,'2019-03-30 11:11:00',1),(535,'UNDERGRADUATE',1,0,'2019-03-30 06:16:00',1),(536,'UNDERGRADUATE',1,0,'2019-03-30 05:46:00',1),(537,'UNDERGRADUATE',1,0,'2019-03-30 01:25:00',1),(538,'UNDERGRADUATE',1,0,'2019-03-30 11:33:00',1),(539,'UNDERGRADUATE',1,0,'2019-03-30 10:44:00',1),(540,'UNDERGRADUATE',1,0,'2019-03-30 03:54:00',1),(541,'UNDERGRADUATE',1,0,'2019-03-30 15:30:00',1),(542,'UNDERGRADUATE',1,0,'2019-03-30 00:25:00',1),(543,'UNDERGRADUATE',1,0,'2019-03-30 14:58:00',1),(544,'UNDERGRADUATE',1,0,'2019-03-30 14:54:00',1),(545,'UNDERGRADUATE',1,0,'2019-03-30 11:33:00',1),(546,'UNDERGRADUATE',1,0,'2019-03-30 02:01:00',1),(547,'UNDERGRADUATE',1,0,'2019-03-30 02:51:00',1),(548,'UNDERGRADUATE',1,0,'2019-03-30 23:27:00',1),(549,'UNDERGRADUATE',1,0,'2019-03-30 07:54:00',1),(550,'UNDERGRADUATE',1,0,'2019-03-30 03:30:00',1),(551,'UNDERGRADUATE',1,0,'2019-03-30 18:02:00',1),(552,'UNDERGRADUATE',1,0,'2019-03-30 16:00:00',1),(553,'UNDERGRADUATE',1,0,'2019-03-30 17:34:00',1),(554,'UNDERGRADUATE',1,0,'2019-03-30 22:13:00',1),(555,'UNDERGRADUATE',1,0,'2019-03-30 22:59:00',1),(556,'UNDERGRADUATE',1,0,'2019-03-30 21:43:00',1),(557,'UNDERGRADUATE',1,0,'2019-03-30 16:58:00',1),(558,'UNDERGRADUATE',1,0,'2019-03-30 08:31:00',1),(559,'UNDERGRADUATE',1,0,'2019-03-30 05:37:00',1),(560,'UNDERGRADUATE',1,0,'2019-03-30 22:43:00',1),(561,'UNDERGRADUATE',1,0,'2019-03-30 04:31:00',1),(562,'UNDERGRADUATE',1,0,'2019-03-30 19:02:00',1),(563,'UNDERGRADUATE',1,0,'2019-03-30 00:56:00',1),(564,'UNDERGRADUATE',1,0,'2019-03-30 03:41:00',1),(565,'UNDERGRADUATE',1,0,'2019-03-30 01:22:00',1),(566,'UNDERGRADUATE',1,0,'2019-03-30 22:44:00',1),(567,'UNDERGRADUATE',1,0,'2019-03-30 13:13:00',1),(568,'UNDERGRADUATE',1,0,'2019-03-30 06:08:00',1),(569,'UNDERGRADUATE',1,0,'2019-03-30 12:50:00',1),(570,'UNDERGRADUATE',1,0,'2019-03-30 05:52:00',1),(571,'UNDERGRADUATE',1,0,'2019-03-30 01:43:00',1),(572,'UNDERGRADUATE',1,0,'2019-03-30 20:34:00',1),(573,'UNDERGRADUATE',1,0,'2019-03-30 12:47:00',1),(574,'UNDERGRADUATE',1,0,'2019-03-30 22:42:00',1),(575,'UNDERGRADUATE',1,0,'2019-03-30 12:13:00',1),(576,'UNDERGRADUATE',1,0,'2019-03-30 20:18:00',1),(577,'UNDERGRADUATE',1,0,'2019-03-30 10:10:00',1),(578,'UNDERGRADUATE',1,0,'2019-03-30 17:45:00',1),(579,'UNDERGRADUATE',1,0,'2019-03-30 16:05:00',1),(580,'UNDERGRADUATE',1,0,'2019-03-30 13:30:00',1),(581,'UNDERGRADUATE',1,0,'2019-03-30 09:52:00',1),(582,'UNDERGRADUATE',1,0,'2019-03-30 07:44:00',1),(583,'UNDERGRADUATE',1,0,'2019-03-30 18:29:00',1),(584,'UNDERGRADUATE',1,0,'2019-03-30 20:48:00',1),(585,'UNDERGRADUATE',1,0,'2019-03-30 22:06:00',1),(586,'UNDERGRADUATE',1,0,'2019-03-30 04:35:00',1),(587,'UNDERGRADUATE',1,0,'2019-03-30 15:21:00',1),(588,'UNDERGRADUATE',1,0,'2019-03-30 11:43:00',1),(589,'UNDERGRADUATE',1,0,'2019-03-30 08:07:00',1),(590,'UNDERGRADUATE',1,0,'2019-03-30 05:41:00',1),(591,'UNDERGRADUATE',1,0,'2019-03-30 16:13:00',1),(592,'UNDERGRADUATE',1,0,'2019-03-30 03:41:00',1),(593,'UNDERGRADUATE',1,0,'2019-03-30 08:59:00',1),(594,'UNDERGRADUATE',1,0,'2019-03-30 10:25:00',1),(595,'UNDERGRADUATE',1,0,'2019-03-30 22:09:00',1),(596,'UNDERGRADUATE',1,0,'2019-03-30 10:31:00',1),(597,'UNDERGRADUATE',1,0,'2019-03-30 10:11:00',1),(598,'UNDERGRADUATE',1,0,'2019-03-30 12:19:00',1),(599,'UNDERGRADUATE',1,0,'2019-03-30 13:05:00',1),(600,'UNDERGRADUATE',1,0,'2019-03-30 05:02:00',1),(601,'UNDERGRADUATE',1,0,'2019-03-30 10:56:00',1),(602,'UNDERGRADUATE',1,0,'2019-03-30 15:29:00',1),(603,'UNDERGRADUATE',1,0,'2019-03-30 21:53:00',1),(604,'UNDERGRADUATE',1,0,'2019-03-30 15:13:00',1),(605,'UNDERGRADUATE',1,0,'2019-03-30 16:59:00',1),(606,'UNDERGRADUATE',1,0,'2019-03-30 09:16:00',1),(607,'UNDERGRADUATE',1,0,'2019-03-30 20:31:00',1),(608,'UNDERGRADUATE',1,0,'2019-03-30 23:14:00',1),(609,'UNDERGRADUATE',1,0,'2019-03-30 12:41:00',1),(610,'UNDERGRADUATE',1,0,'2019-03-30 01:27:00',1),(611,'UNDERGRADUATE',1,0,'2019-03-30 12:41:00',1),(612,'UNDERGRADUATE',1,0,'2019-03-30 14:24:00',1),(613,'UNDERGRADUATE',1,0,'2019-03-30 17:13:00',1),(614,'UNDERGRADUATE',1,0,'2019-03-30 00:44:00',1),(615,'UNDERGRADUATE',1,0,'2019-03-30 11:46:00',1),(616,'GRADUATE',2,0,'2019-03-30 20:41:00',2),(617,'GRADUATE',2,0,'2019-03-30 10:31:00',2),(618,'GRADUATE',2,0,'2019-03-30 03:02:00',2),(619,'GRADUATE',2,0,'2019-03-30 22:23:00',2),(620,'GRADUATE',2,0,'2019-03-30 06:11:00',2),(621,'GRADUATE',2,0,'2019-03-30 08:50:00',2),(622,'GRADUATE',2,0,'2019-03-30 00:52:00',2),(623,'GRADUATE',2,0,'2019-03-30 12:05:00',2),(624,'GRADUATE',2,0,'2019-03-30 14:48:00',2),(625,'GRADUATE',2,0,'2019-03-30 15:22:00',2),(626,'GRADUATE',2,0,'2019-03-30 10:16:00',2),(627,'GRADUATE',2,0,'2019-03-30 05:36:00',2),(628,'GRADUATE',2,0,'2019-03-30 17:18:00',2),(629,'GRADUATE',2,0,'2019-03-30 14:11:00',2),(630,'GRADUATE',2,0,'2019-03-30 11:07:00',2),(631,'GRADUATE',2,0,'2019-03-30 12:58:00',2),(632,'GRADUATE',2,0,'2019-03-30 23:43:00',2),(633,'GRADUATE',2,0,'2019-03-30 19:10:00',2),(634,'GRADUATE',2,0,'2019-03-30 16:02:00',2),(635,'GRADUATE',2,0,'2019-03-30 21:52:00',2),(636,'GRADUATE',2,0,'2019-03-30 00:54:00',2),(637,'GRADUATE',2,0,'2019-03-30 01:00:00',2),(638,'GRADUATE',2,0,'2019-03-30 00:24:00',2),(639,'GRADUATE',2,0,'2019-03-30 07:01:00',2),(640,'GRADUATE',2,0,'2019-03-30 17:28:00',2),(641,'GRADUATE',2,0,'2019-03-30 11:00:00',2),(642,'GRADUATE',2,0,'2019-03-30 02:22:00',2),(643,'GRADUATE',2,0,'2019-03-30 20:29:00',2),(644,'GRADUATE',2,0,'2019-03-30 06:53:00',2),(645,'GRADUATE',2,0,'2019-03-30 00:49:00',2),(646,'GRADUATE',2,0,'2019-03-30 09:41:00',2),(647,'GRADUATE',2,0,'2019-03-30 06:22:00',2),(648,'GRADUATE',2,0,'2019-03-30 23:24:00',2),(649,'GRADUATE',2,0,'2019-03-30 07:53:00',2),(650,'GRADUATE',2,0,'2019-03-30 09:13:00',2),(651,'GRADUATE',2,0,'2019-03-30 01:46:00',2),(652,'GRADUATE',2,0,'2019-03-30 05:13:00',2),(653,'GRADUATE',2,0,'2019-03-30 02:47:00',2),(654,'GRADUATE',2,0,'2019-03-30 16:37:00',2),(655,'GRADUATE',2,0,'2019-03-30 05:42:00',2),(656,'GRADUATE',2,0,'2019-03-30 19:46:00',2),(657,'GRADUATE',2,0,'2019-03-30 04:49:00',2),(658,'GRADUATE',2,0,'2019-03-30 16:16:00',2),(659,'GRADUATE',2,0,'2019-03-30 11:28:00',2),(660,'GRADUATE',2,0,'2019-03-30 23:57:00',2),(661,'GRADUATE',2,0,'2019-03-30 21:34:00',2),(662,'GRADUATE',2,0,'2019-03-30 01:14:00',2),(663,'GRADUATE',2,0,'2019-03-30 13:01:00',2),(664,'GRADUATE',2,0,'2019-03-30 08:19:00',2),(665,'GRADUATE',2,0,'2019-03-30 02:05:00',2),(666,'GRADUATE',2,0,'2019-03-30 09:48:00',2),(667,'GRADUATE',2,0,'2019-03-30 16:11:00',2),(668,'GRADUATE',2,0,'2019-03-30 15:48:00',2),(669,'GRADUATE',2,0,'2019-03-30 07:07:00',2),(670,'GRADUATE',2,0,'2019-03-30 21:46:00',2),(671,'GRADUATE',2,0,'2019-03-30 02:37:00',2),(672,'GRADUATE',2,0,'2019-03-30 00:20:00',2),(673,'GRADUATE',2,0,'2019-03-30 15:16:00',2),(674,'GRADUATE',2,0,'2019-03-30 23:12:00',2),(675,'GRADUATE',2,0,'2019-03-30 06:37:00',2),(676,'GRADUATE',2,0,'2019-03-30 08:51:00',2),(677,'GRADUATE',2,0,'2019-03-30 15:26:00',2),(678,'GRADUATE',2,0,'2019-03-30 16:44:00',2),(679,'GRADUATE',2,0,'2019-03-30 04:12:00',2),(680,'GRADUATE',2,0,'2019-03-30 22:42:00',2),(681,'GRADUATE',2,0,'2019-03-30 16:32:00',2),(682,'TeacherPO',3,0,'2019-03-31 02:31:00',3),(683,'TeacherPO',3,0,'2019-03-31 18:51:00',3),(684,'TeacherPO',3,0,'2019-03-31 03:20:00',3),(685,'TeacherPO',3,0,'2019-03-31 04:34:00',3),(686,'TeacherPO',3,0,'2019-03-31 00:34:00',3),(687,'TeacherPO',3,0,'2019-03-31 21:12:00',3),(688,'TeacherPO',3,0,'2019-03-31 00:30:00',3),(689,'TeacherPO',3,0,'2019-03-31 01:27:00',3),(690,'TeacherPO',3,0,'2019-03-31 13:12:00',3),(691,'TeacherPO',3,0,'2019-03-31 06:00:00',3),(692,'TeacherPO',3,0,'2019-03-31 15:00:00',3),(693,'TeacherPO',3,0,'2019-03-31 17:01:00',3),(694,'TeacherPO',3,0,'2019-03-31 05:45:00',3),(695,'TeacherPO',3,0,'2019-03-31 23:28:00',3),(696,'UNDERGRADUATE',1,0,'2019-03-31 06:12:00',1),(697,'UNDERGRADUATE',1,0,'2019-03-31 07:35:00',1),(698,'UNDERGRADUATE',1,0,'2019-03-31 09:25:00',1),(699,'UNDERGRADUATE',1,0,'2019-03-31 13:05:00',1),(700,'UNDERGRADUATE',1,0,'2019-03-31 06:18:00',1),(701,'UNDERGRADUATE',1,0,'2019-03-31 20:37:00',1),(702,'UNDERGRADUATE',1,0,'2019-03-31 16:55:00',1),(703,'UNDERGRADUATE',1,0,'2019-03-31 10:40:00',1),(704,'UNDERGRADUATE',1,0,'2019-03-31 23:00:00',1),(705,'UNDERGRADUATE',1,0,'2019-03-31 01:51:00',1),(706,'UNDERGRADUATE',1,0,'2019-03-31 14:28:00',1),(707,'UNDERGRADUATE',1,0,'2019-03-31 01:05:00',1),(708,'UNDERGRADUATE',1,0,'2019-03-31 07:43:00',1),(709,'UNDERGRADUATE',1,0,'2019-03-31 00:49:00',1),(710,'UNDERGRADUATE',1,0,'2019-03-31 22:41:00',1),(711,'UNDERGRADUATE',1,0,'2019-03-31 08:31:00',1),(712,'UNDERGRADUATE',1,0,'2019-03-31 15:19:00',1),(713,'UNDERGRADUATE',1,0,'2019-03-31 05:39:00',1),(714,'UNDERGRADUATE',1,0,'2019-03-31 12:12:00',1),(715,'UNDERGRADUATE',1,0,'2019-03-31 09:55:00',1),(716,'UNDERGRADUATE',1,0,'2019-03-31 15:33:00',1),(717,'UNDERGRADUATE',1,0,'2019-03-31 14:11:00',1),(718,'UNDERGRADUATE',1,0,'2019-03-31 08:18:00',1),(719,'UNDERGRADUATE',1,0,'2019-03-31 16:48:00',1),(720,'UNDERGRADUATE',1,0,'2019-03-31 04:17:00',1),(721,'UNDERGRADUATE',1,0,'2019-03-31 04:15:00',1),(722,'UNDERGRADUATE',1,0,'2019-03-31 03:06:00',1),(723,'UNDERGRADUATE',1,0,'2019-03-31 17:01:00',1),(724,'UNDERGRADUATE',1,0,'2019-03-31 20:56:00',1),(725,'UNDERGRADUATE',1,0,'2019-03-31 10:26:00',1),(726,'UNDERGRADUATE',1,0,'2019-03-31 15:58:00',1),(727,'UNDERGRADUATE',1,0,'2019-03-31 04:05:00',1),(728,'UNDERGRADUATE',1,0,'2019-03-31 14:23:00',1),(729,'UNDERGRADUATE',1,0,'2019-03-31 10:07:00',1),(730,'UNDERGRADUATE',1,0,'2019-03-31 09:08:00',1),(731,'UNDERGRADUATE',1,0,'2019-03-31 11:21:00',1),(732,'UNDERGRADUATE',1,0,'2019-03-31 21:37:00',1),(733,'UNDERGRADUATE',1,0,'2019-03-31 13:06:00',1),(734,'UNDERGRADUATE',1,0,'2019-03-31 08:43:00',1),(735,'UNDERGRADUATE',1,0,'2019-03-31 00:50:00',1),(736,'UNDERGRADUATE',1,0,'2019-03-31 19:16:00',1),(737,'UNDERGRADUATE',1,0,'2019-03-31 17:20:00',1),(738,'UNDERGRADUATE',1,0,'2019-03-31 20:05:00',1),(739,'UNDERGRADUATE',1,0,'2019-03-31 17:18:00',1),(740,'UNDERGRADUATE',1,0,'2019-03-31 23:56:00',1),(741,'UNDERGRADUATE',1,0,'2019-03-31 10:18:00',1),(742,'UNDERGRADUATE',1,0,'2019-03-31 01:51:00',1),(743,'UNDERGRADUATE',1,0,'2019-03-31 06:35:00',1),(744,'UNDERGRADUATE',1,0,'2019-03-31 17:14:00',1),(745,'UNDERGRADUATE',1,0,'2019-03-31 19:50:00',1),(746,'UNDERGRADUATE',1,0,'2019-03-31 12:13:00',1),(747,'UNDERGRADUATE',1,0,'2019-03-31 07:55:00',1),(748,'UNDERGRADUATE',1,0,'2019-03-31 03:42:00',1),(749,'UNDERGRADUATE',1,0,'2019-03-31 04:08:00',1),(750,'UNDERGRADUATE',1,0,'2019-03-31 18:49:00',1),(751,'UNDERGRADUATE',1,0,'2019-03-31 16:12:00',1),(752,'UNDERGRADUATE',1,0,'2019-03-31 23:57:00',1),(753,'UNDERGRADUATE',1,0,'2019-03-31 11:02:00',1),(754,'UNDERGRADUATE',1,0,'2019-03-31 05:12:00',1),(755,'UNDERGRADUATE',1,0,'2019-03-31 06:53:00',1),(756,'UNDERGRADUATE',1,0,'2019-03-31 05:08:00',1),(757,'UNDERGRADUATE',1,0,'2019-03-31 13:36:00',1),(758,'UNDERGRADUATE',1,0,'2019-03-31 16:20:00',1),(759,'UNDERGRADUATE',1,0,'2019-03-31 00:27:00',1),(760,'UNDERGRADUATE',1,0,'2019-03-31 19:14:00',1),(761,'UNDERGRADUATE',1,0,'2019-03-31 12:28:00',1),(762,'UNDERGRADUATE',1,0,'2019-03-31 16:50:00',1),(763,'UNDERGRADUATE',1,0,'2019-03-31 00:09:00',1),(764,'UNDERGRADUATE',1,0,'2019-03-31 13:01:00',1),(765,'UNDERGRADUATE',1,0,'2019-03-31 15:19:00',1),(766,'UNDERGRADUATE',1,0,'2019-03-31 03:17:00',1),(767,'UNDERGRADUATE',1,0,'2019-03-31 02:55:00',1),(768,'UNDERGRADUATE',1,0,'2019-03-31 20:32:00',1),(769,'UNDERGRADUATE',1,0,'2019-03-31 07:50:00',1),(770,'UNDERGRADUATE',1,0,'2019-03-31 02:49:00',1),(771,'UNDERGRADUATE',1,0,'2019-03-31 18:22:00',1),(772,'UNDERGRADUATE',1,0,'2019-03-31 09:22:00',1),(773,'UNDERGRADUATE',1,0,'2019-03-31 22:33:00',1),(774,'UNDERGRADUATE',1,0,'2019-03-31 08:32:00',1),(775,'UNDERGRADUATE',1,0,'2019-03-31 15:38:00',1),(776,'UNDERGRADUATE',1,0,'2019-03-31 17:05:00',1),(777,'UNDERGRADUATE',1,0,'2019-03-31 23:38:00',1),(778,'UNDERGRADUATE',1,0,'2019-03-31 18:56:00',1),(779,'UNDERGRADUATE',1,0,'2019-03-31 12:02:00',1),(780,'UNDERGRADUATE',1,0,'2019-03-31 07:24:00',1),(781,'GRADUATE',2,0,'2019-03-31 10:54:00',2),(782,'GRADUATE',2,0,'2019-03-31 06:07:00',2),(783,'GRADUATE',2,0,'2019-03-31 11:03:00',2),(784,'GRADUATE',2,0,'2019-03-31 17:16:00',2),(785,'GRADUATE',2,0,'2019-03-31 02:26:00',2),(786,'GRADUATE',2,0,'2019-03-31 12:46:00',2),(787,'GRADUATE',2,0,'2019-03-31 05:10:00',2),(788,'GRADUATE',2,0,'2019-03-31 03:13:00',2),(789,'GRADUATE',2,0,'2019-03-31 07:12:00',2),(790,'GRADUATE',2,0,'2019-03-31 16:52:00',2),(791,'GRADUATE',2,0,'2019-03-31 16:21:00',2),(792,'GRADUATE',2,0,'2019-03-31 01:39:00',2),(793,'GRADUATE',2,0,'2019-03-31 15:25:00',2),(794,'GRADUATE',2,0,'2019-03-31 06:22:00',2),(795,'GRADUATE',2,0,'2019-03-31 11:09:00',2),(796,'GRADUATE',2,0,'2019-03-31 00:27:00',2),(797,'GRADUATE',2,0,'2019-03-31 01:08:00',2),(798,'GRADUATE',2,0,'2019-03-31 13:43:00',2),(799,'GRADUATE',2,0,'2019-03-31 00:14:00',2),(800,'GRADUATE',2,0,'2019-03-31 00:02:00',2),(801,'GRADUATE',2,0,'2019-03-31 16:38:00',2),(802,'GRADUATE',2,0,'2019-03-31 06:38:00',2),(803,'GRADUATE',2,0,'2019-03-31 09:14:00',2),(804,'GRADUATE',2,0,'2019-03-31 11:27:00',2),(805,'GRADUATE',2,0,'2019-03-31 08:21:00',2),(806,'GRADUATE',2,0,'2019-03-31 19:17:00',2),(807,'GRADUATE',2,0,'2019-03-31 04:49:00',2),(808,'GRADUATE',2,0,'2019-03-31 05:33:00',2),(809,'GRADUATE',2,0,'2019-03-31 23:38:00',2),(810,'GRADUATE',2,0,'2019-03-31 01:21:00',2),(811,'GRADUATE',2,0,'2019-03-31 08:28:00',2),(812,'GRADUATE',2,0,'2019-03-31 17:31:00',2),(813,'GRADUATE',2,0,'2019-03-31 21:53:00',2),(814,'GRADUATE',2,0,'2019-03-31 06:34:00',2),(815,'GRADUATE',2,0,'2019-03-31 13:55:00',2),(816,'GRADUATE',2,0,'2019-03-31 10:38:00',2),(817,'GRADUATE',2,0,'2019-03-31 12:45:00',2),(818,'GRADUATE',2,0,'2019-03-31 02:10:00',2),(819,'GRADUATE',2,0,'2019-03-31 15:08:00',2),(820,'GRADUATE',2,0,'2019-03-31 15:51:00',2),(821,'GRADUATE',2,0,'2019-03-31 07:10:00',2),(822,'GRADUATE',2,0,'2019-03-31 18:35:00',2),(823,'GRADUATE',2,0,'2019-03-31 04:55:00',2),(824,'GRADUATE',2,0,'2019-03-31 12:51:00',2),(825,'GRADUATE',2,0,'2019-03-31 22:29:00',2),(826,'GRADUATE',2,0,'2019-03-31 08:54:00',2),(827,'GRADUATE',2,0,'2019-03-31 16:34:00',2),(828,'GRADUATE',2,0,'2019-03-31 00:36:00',2),(829,'GRADUATE',2,0,'2019-03-31 17:00:00',2),(830,'GRADUATE',2,0,'2019-03-31 20:16:00',2),(831,'GRADUATE',2,0,'2019-03-31 15:21:00',2),(832,'GRADUATE',2,0,'2019-03-31 01:15:00',2),(833,'GRADUATE',2,0,'2019-03-31 08:56:00',2),(834,'GRADUATE',2,0,'2019-03-31 05:09:00',2),(835,'GRADUATE',2,0,'2019-03-31 03:09:00',2),(836,'TeacherPO',3,0,'2019-04-01 18:53:00',3),(837,'TeacherPO',3,0,'2019-04-01 20:36:00',3),(838,'TeacherPO',3,0,'2019-04-01 05:42:00',3),(839,'TeacherPO',3,0,'2019-04-01 21:44:00',3),(840,'TeacherPO',3,0,'2019-04-01 01:21:00',3),(841,'TeacherPO',3,0,'2019-04-01 09:24:00',3),(842,'TeacherPO',3,0,'2019-04-01 21:37:00',3),(843,'TeacherPO',3,0,'2019-04-01 01:19:00',3),(844,'TeacherPO',3,0,'2019-04-01 06:33:00',3),(845,'TeacherPO',3,0,'2019-04-01 06:07:00',3),(846,'TeacherPO',3,0,'2019-04-01 05:22:00',3),(847,'UNDERGRADUATE',1,0,'2019-04-01 02:06:00',1),(848,'UNDERGRADUATE',1,0,'2019-04-01 10:19:00',1),(849,'UNDERGRADUATE',1,0,'2019-04-01 03:29:00',1),(850,'UNDERGRADUATE',1,0,'2019-04-01 09:55:00',1),(851,'UNDERGRADUATE',1,0,'2019-04-01 22:27:00',1),(852,'UNDERGRADUATE',1,0,'2019-04-01 09:11:00',1),(853,'UNDERGRADUATE',1,0,'2019-04-01 10:05:00',1),(854,'UNDERGRADUATE',1,0,'2019-04-01 03:18:00',1),(855,'UNDERGRADUATE',1,0,'2019-04-01 16:13:00',1),(856,'UNDERGRADUATE',1,0,'2019-04-01 03:48:00',1),(857,'UNDERGRADUATE',1,0,'2019-04-01 20:19:00',1),(858,'UNDERGRADUATE',1,0,'2019-04-01 13:32:00',1),(859,'UNDERGRADUATE',1,0,'2019-04-01 04:48:00',1),(860,'UNDERGRADUATE',1,0,'2019-04-01 09:23:00',1),(861,'UNDERGRADUATE',1,0,'2019-04-01 00:49:00',1),(862,'UNDERGRADUATE',1,0,'2019-04-01 10:20:00',1),(863,'UNDERGRADUATE',1,0,'2019-04-01 01:18:00',1),(864,'UNDERGRADUATE',1,0,'2019-04-01 05:29:00',1),(865,'UNDERGRADUATE',1,0,'2019-04-01 15:21:00',1),(866,'UNDERGRADUATE',1,0,'2019-04-01 05:51:00',1),(867,'UNDERGRADUATE',1,0,'2019-04-01 11:38:00',1),(868,'UNDERGRADUATE',1,0,'2019-04-01 19:35:00',1),(869,'UNDERGRADUATE',1,0,'2019-04-01 19:14:00',1),(870,'UNDERGRADUATE',1,0,'2019-04-01 10:19:00',1),(871,'UNDERGRADUATE',1,0,'2019-04-01 20:46:00',1),(872,'UNDERGRADUATE',1,0,'2019-04-01 17:15:00',1),(873,'UNDERGRADUATE',1,0,'2019-04-01 17:34:00',1),(874,'UNDERGRADUATE',1,0,'2019-04-01 09:03:00',1),(875,'UNDERGRADUATE',1,0,'2019-04-01 09:06:00',1),(876,'UNDERGRADUATE',1,0,'2019-04-01 14:18:00',1),(877,'UNDERGRADUATE',1,0,'2019-04-01 23:31:00',1),(878,'UNDERGRADUATE',1,0,'2019-04-01 03:33:00',1),(879,'UNDERGRADUATE',1,0,'2019-04-01 03:19:00',1),(880,'UNDERGRADUATE',1,0,'2019-04-01 22:12:00',1),(881,'UNDERGRADUATE',1,0,'2019-04-01 06:52:00',1),(882,'UNDERGRADUATE',1,0,'2019-04-01 10:10:00',1),(883,'UNDERGRADUATE',1,0,'2019-04-01 18:32:00',1),(884,'UNDERGRADUATE',1,0,'2019-04-01 19:11:00',1),(885,'UNDERGRADUATE',1,0,'2019-04-01 08:19:00',1),(886,'UNDERGRADUATE',1,0,'2019-04-01 21:14:00',1),(887,'UNDERGRADUATE',1,0,'2019-04-01 19:01:00',1),(888,'UNDERGRADUATE',1,0,'2019-04-01 21:41:00',1),(889,'UNDERGRADUATE',1,0,'2019-04-01 18:39:00',1),(890,'UNDERGRADUATE',1,0,'2019-04-01 17:19:00',1),(891,'UNDERGRADUATE',1,0,'2019-04-01 11:04:00',1),(892,'UNDERGRADUATE',1,0,'2019-04-01 03:56:00',1),(893,'UNDERGRADUATE',1,0,'2019-04-01 11:33:00',1),(894,'UNDERGRADUATE',1,0,'2019-04-01 08:36:00',1),(895,'UNDERGRADUATE',1,0,'2019-04-01 02:34:00',1),(896,'UNDERGRADUATE',1,0,'2019-04-01 07:09:00',1),(897,'UNDERGRADUATE',1,0,'2019-04-01 11:31:00',1),(898,'UNDERGRADUATE',1,0,'2019-04-01 21:39:00',1),(899,'UNDERGRADUATE',1,0,'2019-04-01 01:45:00',1),(900,'UNDERGRADUATE',1,0,'2019-04-01 22:08:00',1),(901,'UNDERGRADUATE',1,0,'2019-04-01 12:14:00',1),(902,'UNDERGRADUATE',1,0,'2019-04-01 14:01:00',1),(903,'UNDERGRADUATE',1,0,'2019-04-01 03:12:00',1),(904,'UNDERGRADUATE',1,0,'2019-04-01 13:44:00',1),(905,'UNDERGRADUATE',1,0,'2019-04-01 12:57:00',1),(906,'UNDERGRADUATE',1,0,'2019-04-01 16:38:00',1),(907,'UNDERGRADUATE',1,0,'2019-04-01 07:51:00',1),(908,'UNDERGRADUATE',1,0,'2019-04-01 04:45:00',1),(909,'UNDERGRADUATE',1,0,'2019-04-01 16:57:00',1),(910,'UNDERGRADUATE',1,0,'2019-04-01 22:11:00',1),(911,'UNDERGRADUATE',1,0,'2019-04-01 03:26:00',1),(912,'UNDERGRADUATE',1,0,'2019-04-01 14:51:00',1),(913,'UNDERGRADUATE',1,0,'2019-04-01 02:07:00',1),(914,'UNDERGRADUATE',1,0,'2019-04-01 10:54:00',1),(915,'UNDERGRADUATE',1,0,'2019-04-01 02:31:00',1),(916,'UNDERGRADUATE',1,0,'2019-04-01 23:45:00',1),(917,'UNDERGRADUATE',1,0,'2019-04-01 20:29:00',1),(918,'UNDERGRADUATE',1,0,'2019-04-01 02:46:00',1),(919,'UNDERGRADUATE',1,0,'2019-04-01 23:59:00',1),(920,'UNDERGRADUATE',1,0,'2019-04-01 04:45:00',1),(921,'UNDERGRADUATE',1,0,'2019-04-01 02:22:00',1),(922,'UNDERGRADUATE',1,0,'2019-04-01 20:30:00',1),(923,'UNDERGRADUATE',1,0,'2019-04-01 07:11:00',1),(924,'UNDERGRADUATE',1,0,'2019-04-01 14:56:00',1),(925,'UNDERGRADUATE',1,0,'2019-04-01 20:17:00',1),(926,'UNDERGRADUATE',1,0,'2019-04-01 01:32:00',1),(927,'UNDERGRADUATE',1,0,'2019-04-01 03:20:00',1),(928,'UNDERGRADUATE',1,0,'2019-04-01 15:00:00',1),(929,'UNDERGRADUATE',1,0,'2019-04-01 09:14:00',1),(930,'UNDERGRADUATE',1,0,'2019-04-01 13:43:00',1),(931,'UNDERGRADUATE',1,0,'2019-04-01 11:36:00',1),(932,'UNDERGRADUATE',1,0,'2019-04-01 18:39:00',1),(933,'UNDERGRADUATE',1,0,'2019-04-01 12:26:00',1),(934,'UNDERGRADUATE',1,0,'2019-04-01 05:59:00',1),(935,'UNDERGRADUATE',1,0,'2019-04-01 11:16:00',1),(936,'UNDERGRADUATE',1,0,'2019-04-01 15:55:00',1),(937,'GRADUATE',2,0,'2019-04-01 09:55:00',2),(938,'GRADUATE',2,0,'2019-04-01 21:21:00',2),(939,'GRADUATE',2,0,'2019-04-01 23:52:00',2),(940,'GRADUATE',2,0,'2019-04-01 18:12:00',2),(941,'GRADUATE',2,0,'2019-04-01 19:01:00',2),(942,'GRADUATE',2,0,'2019-04-01 18:12:00',2),(943,'GRADUATE',2,0,'2019-04-01 11:04:00',2),(944,'GRADUATE',2,0,'2019-04-01 12:53:00',2),(945,'GRADUATE',2,0,'2019-04-01 01:26:00',2),(946,'GRADUATE',2,0,'2019-04-01 07:58:00',2),(947,'GRADUATE',2,0,'2019-04-01 16:20:00',2),(948,'GRADUATE',2,0,'2019-04-01 06:23:00',2),(949,'GRADUATE',2,0,'2019-04-01 11:46:00',2),(950,'GRADUATE',2,0,'2019-04-01 03:55:00',2),(951,'GRADUATE',2,0,'2019-04-01 10:32:00',2),(952,'GRADUATE',2,0,'2019-04-01 03:53:00',2),(953,'GRADUATE',2,0,'2019-04-01 01:46:00',2),(954,'GRADUATE',2,0,'2019-04-01 09:24:00',2),(955,'GRADUATE',2,0,'2019-04-01 15:14:00',2),(956,'GRADUATE',2,0,'2019-04-01 18:47:00',2),(957,'GRADUATE',2,0,'2019-04-01 00:45:00',2),(958,'GRADUATE',2,0,'2019-04-01 21:04:00',2),(959,'GRADUATE',2,0,'2019-04-01 07:31:00',2),(960,'GRADUATE',2,0,'2019-04-01 13:28:00',2),(961,'GRADUATE',2,0,'2019-04-01 20:24:00',2),(962,'GRADUATE',2,0,'2019-04-01 20:25:00',2),(963,'GRADUATE',2,0,'2019-04-01 22:07:00',2),(964,'GRADUATE',2,0,'2019-04-01 13:57:00',2),(965,'GRADUATE',2,0,'2019-04-01 05:19:00',2),(966,'GRADUATE',2,0,'2019-04-01 06:15:00',2),(967,'GRADUATE',2,0,'2019-04-01 14:25:00',2),(968,'GRADUATE',2,0,'2019-04-01 01:29:00',2),(969,'GRADUATE',2,0,'2019-04-01 04:24:00',2),(970,'GRADUATE',2,0,'2019-04-01 21:35:00',2),(971,'GRADUATE',2,0,'2019-04-01 07:52:00',2),(972,'GRADUATE',2,0,'2019-04-01 06:10:00',2),(973,'GRADUATE',2,0,'2019-04-01 20:59:00',2),(974,'GRADUATE',2,0,'2019-04-01 21:21:00',2),(975,'GRADUATE',2,0,'2019-04-01 17:43:00',2),(976,'GRADUATE',2,0,'2019-04-01 05:18:00',2),(977,'GRADUATE',2,0,'2019-04-01 03:12:00',2),(978,'GRADUATE',2,0,'2019-04-01 12:23:00',2),(979,'GRADUATE',2,0,'2019-04-01 14:54:00',2),(980,'GRADUATE',2,0,'2019-04-01 17:27:00',2),(981,'GRADUATE',2,0,'2019-04-01 16:34:00',2),(982,'GRADUATE',2,0,'2019-04-01 00:59:00',2),(983,'GRADUATE',2,0,'2019-04-01 10:29:00',2),(984,'GRADUATE',2,0,'2019-04-01 08:29:00',2),(985,'GRADUATE',2,0,'2019-04-01 20:27:00',2),(986,'GRADUATE',2,0,'2019-04-01 14:52:00',2),(987,'GRADUATE',2,0,'2019-04-01 04:55:00',2),(988,'GRADUATE',2,0,'2019-04-01 23:28:00',2),(989,'GRADUATE',2,0,'2019-04-01 11:25:00',2),(990,'GRADUATE',2,0,'2019-04-01 15:57:00',2),(991,'GRADUATE',2,0,'2019-04-01 04:41:00',2),(992,'GRADUATE',2,0,'2019-04-01 09:47:00',2),(993,'GRADUATE',2,0,'2019-04-01 10:22:00',2),(994,'GRADUATE',2,0,'2019-04-01 01:39:00',2),(995,'GRADUATE',2,0,'2019-04-01 13:06:00',2),(996,'GRADUATE',2,0,'2019-04-01 14:01:00',2),(997,'GRADUATE',2,0,'2019-04-01 08:24:00',2),(998,'GRADUATE',2,0,'2019-04-01 14:47:00',2),(999,'GRADUATE',2,0,'2019-04-01 02:05:00',2),(1000,'GRADUATE',2,0,'2019-04-01 05:10:00',2),(1001,'GRADUATE',2,0,'2019-04-01 22:21:00',2),(1002,'GRADUATE',2,0,'2019-04-01 06:09:00',2),(1003,'GRADUATE',2,0,'2019-04-01 02:14:00',2),(1004,'GRADUATE',2,0,'2019-04-01 12:58:00',2),(1005,'GRADUATE',2,0,'2019-04-01 17:43:00',2),(1006,'GRADUATE',2,0,'2019-04-01 13:50:00',2),(1007,'GRADUATE',2,0,'2019-04-01 21:31:00',2),(1008,'GRADUATE',2,0,'2019-04-01 12:05:00',2),(1009,'GRADUATE',2,0,'2019-04-01 21:57:00',2),(1010,'GRADUATE',2,0,'2019-04-01 09:19:00',2),(1011,'GRADUATE',2,0,'2019-04-01 06:17:00',2),(1012,'GRADUATE',2,0,'2019-04-01 23:42:00',2),(1013,'GRADUATE',2,0,'2019-04-01 09:08:00',2),(1014,'GRADUATE',2,0,'2019-04-01 19:23:00',2),(1015,'GRADUATE',2,0,'2019-04-01 01:36:00',2),(1016,'GRADUATE',2,0,'2019-04-01 20:00:00',2),(1017,'GRADUATE',2,0,'2019-04-01 15:03:00',2),(1018,'GRADUATE',2,0,'2019-04-01 10:20:00',2),(1019,'GRADUATE',2,0,'2019-04-01 04:17:00',2),(1020,'GRADUATE',2,0,'2019-04-01 07:55:00',2),(1021,'GRADUATE',2,0,'2019-04-01 18:11:00',2),(1022,'GRADUATE',2,0,'2019-04-01 13:22:00',2),(1023,'GRADUATE',2,0,'2019-04-01 23:55:00',2),(1024,'GRADUATE',2,0,'2019-04-01 03:35:00',2),(1025,'GRADUATE',2,0,'2019-04-01 07:19:00',2),(1026,'GRADUATE',2,0,'2019-04-01 16:42:00',2),(1027,'GRADUATE',2,0,'2019-04-01 13:41:00',2),(1028,'GRADUATE',2,0,'2019-04-01 18:10:00',2),(1029,'GRADUATE',2,0,'2019-04-01 22:52:00',2),(1030,'TeacherPO',3,0,'2019-04-02 03:19:00',3),(1031,'TeacherPO',3,0,'2019-04-02 18:28:00',3),(1032,'TeacherPO',3,0,'2019-04-02 14:01:00',3),(1033,'TeacherPO',3,0,'2019-04-02 21:03:00',3),(1034,'TeacherPO',3,0,'2019-04-02 16:50:00',3),(1035,'TeacherPO',3,0,'2019-04-02 17:17:00',3),(1036,'TeacherPO',3,0,'2019-04-02 13:17:00',3),(1037,'TeacherPO',3,0,'2019-04-02 11:30:00',3),(1038,'TeacherPO',3,0,'2019-04-02 07:31:00',3),(1039,'TeacherPO',3,0,'2019-04-02 13:58:00',3),(1040,'TeacherPO',3,0,'2019-04-02 19:58:00',3),(1041,'TeacherPO',3,0,'2019-04-02 02:52:00',3),(1042,'UNDERGRADUATE',1,0,'2019-04-02 07:01:00',1),(1043,'UNDERGRADUATE',1,0,'2019-04-02 16:39:00',1),(1044,'UNDERGRADUATE',1,0,'2019-04-02 21:10:00',1),(1045,'UNDERGRADUATE',1,0,'2019-04-02 01:35:00',1),(1046,'UNDERGRADUATE',1,0,'2019-04-02 05:07:00',1),(1047,'UNDERGRADUATE',1,0,'2019-04-02 06:29:00',1),(1048,'UNDERGRADUATE',1,0,'2019-04-02 09:43:00',1),(1049,'UNDERGRADUATE',1,0,'2019-04-02 08:57:00',1),(1050,'UNDERGRADUATE',1,0,'2019-04-02 20:53:00',1),(1051,'UNDERGRADUATE',1,0,'2019-04-02 10:08:00',1),(1052,'UNDERGRADUATE',1,0,'2019-04-02 20:01:00',1),(1053,'UNDERGRADUATE',1,0,'2019-04-02 08:35:00',1),(1054,'UNDERGRADUATE',1,0,'2019-04-02 15:23:00',1),(1055,'UNDERGRADUATE',1,0,'2019-04-02 20:29:00',1),(1056,'UNDERGRADUATE',1,0,'2019-04-02 12:47:00',1),(1057,'UNDERGRADUATE',1,0,'2019-04-02 14:32:00',1),(1058,'UNDERGRADUATE',1,0,'2019-04-02 08:38:00',1),(1059,'UNDERGRADUATE',1,0,'2019-04-02 08:22:00',1),(1060,'UNDERGRADUATE',1,0,'2019-04-02 17:39:00',1),(1061,'UNDERGRADUATE',1,0,'2019-04-02 03:39:00',1),(1062,'UNDERGRADUATE',1,0,'2019-04-02 02:40:00',1),(1063,'UNDERGRADUATE',1,0,'2019-04-02 18:52:00',1),(1064,'UNDERGRADUATE',1,0,'2019-04-02 11:32:00',1),(1065,'UNDERGRADUATE',1,0,'2019-04-02 17:30:00',1),(1066,'UNDERGRADUATE',1,0,'2019-04-02 12:53:00',1),(1067,'UNDERGRADUATE',1,0,'2019-04-02 17:25:00',1),(1068,'UNDERGRADUATE',1,0,'2019-04-02 14:26:00',1),(1069,'UNDERGRADUATE',1,0,'2019-04-02 03:53:00',1),(1070,'UNDERGRADUATE',1,0,'2019-04-02 06:51:00',1),(1071,'UNDERGRADUATE',1,0,'2019-04-02 14:26:00',1),(1072,'UNDERGRADUATE',1,0,'2019-04-02 15:46:00',1),(1073,'UNDERGRADUATE',1,0,'2019-04-02 15:28:00',1),(1074,'UNDERGRADUATE',1,0,'2019-04-02 02:14:00',1),(1075,'UNDERGRADUATE',1,0,'2019-04-02 20:17:00',1),(1076,'UNDERGRADUATE',1,0,'2019-04-02 21:03:00',1),(1077,'UNDERGRADUATE',1,0,'2019-04-02 21:44:00',1),(1078,'UNDERGRADUATE',1,0,'2019-04-02 06:08:00',1),(1079,'UNDERGRADUATE',1,0,'2019-04-02 15:16:00',1),(1080,'UNDERGRADUATE',1,0,'2019-04-02 10:17:00',1),(1081,'UNDERGRADUATE',1,0,'2019-04-02 14:17:00',1),(1082,'UNDERGRADUATE',1,0,'2019-04-02 07:45:00',1),(1083,'UNDERGRADUATE',1,0,'2019-04-02 23:40:00',1),(1084,'UNDERGRADUATE',1,0,'2019-04-02 10:57:00',1),(1085,'UNDERGRADUATE',1,0,'2019-04-02 23:00:00',1),(1086,'UNDERGRADUATE',1,0,'2019-04-02 21:12:00',1),(1087,'UNDERGRADUATE',1,0,'2019-04-02 11:22:00',1),(1088,'UNDERGRADUATE',1,0,'2019-04-02 17:46:00',1),(1089,'UNDERGRADUATE',1,0,'2019-04-02 22:59:00',1),(1090,'UNDERGRADUATE',1,0,'2019-04-02 12:36:00',1),(1091,'UNDERGRADUATE',1,0,'2019-04-02 08:56:00',1),(1092,'UNDERGRADUATE',1,0,'2019-04-02 22:14:00',1),(1093,'UNDERGRADUATE',1,0,'2019-04-02 17:52:00',1),(1094,'UNDERGRADUATE',1,0,'2019-04-02 14:03:00',1),(1095,'UNDERGRADUATE',1,0,'2019-04-02 18:32:00',1),(1096,'UNDERGRADUATE',1,0,'2019-04-02 04:38:00',1),(1097,'UNDERGRADUATE',1,0,'2019-04-02 11:45:00',1),(1098,'UNDERGRADUATE',1,0,'2019-04-02 11:58:00',1),(1099,'UNDERGRADUATE',1,0,'2019-04-02 15:20:00',1),(1100,'UNDERGRADUATE',1,0,'2019-04-02 13:33:00',1),(1101,'UNDERGRADUATE',1,0,'2019-04-02 01:54:00',1),(1102,'UNDERGRADUATE',1,0,'2019-04-02 02:50:00',1),(1103,'UNDERGRADUATE',1,0,'2019-04-02 09:08:00',1),(1104,'UNDERGRADUATE',1,0,'2019-04-02 23:17:00',1),(1105,'UNDERGRADUATE',1,0,'2019-04-02 14:09:00',1),(1106,'UNDERGRADUATE',1,0,'2019-04-02 15:28:00',1),(1107,'UNDERGRADUATE',1,0,'2019-04-02 10:58:00',1),(1108,'UNDERGRADUATE',1,0,'2019-04-02 17:47:00',1),(1109,'UNDERGRADUATE',1,0,'2019-04-02 05:04:00',1),(1110,'UNDERGRADUATE',1,0,'2019-04-02 21:14:00',1),(1111,'UNDERGRADUATE',1,0,'2019-04-02 22:13:00',1),(1112,'UNDERGRADUATE',1,0,'2019-04-02 04:23:00',1),(1113,'UNDERGRADUATE',1,0,'2019-04-02 05:54:00',1),(1114,'UNDERGRADUATE',1,0,'2019-04-02 19:59:00',1),(1115,'UNDERGRADUATE',1,0,'2019-04-02 06:53:00',1),(1116,'UNDERGRADUATE',1,0,'2019-04-02 19:21:00',1),(1117,'UNDERGRADUATE',1,0,'2019-04-02 19:50:00',1),(1118,'UNDERGRADUATE',1,0,'2019-04-02 01:26:00',1),(1119,'UNDERGRADUATE',1,0,'2019-04-02 18:40:00',1),(1120,'UNDERGRADUATE',1,0,'2019-04-02 13:57:00',1),(1121,'UNDERGRADUATE',1,0,'2019-04-02 05:06:00',1),(1122,'UNDERGRADUATE',1,0,'2019-04-02 17:59:00',1),(1123,'UNDERGRADUATE',1,0,'2019-04-02 04:44:00',1),(1124,'UNDERGRADUATE',1,0,'2019-04-02 16:31:00',1),(1125,'UNDERGRADUATE',1,0,'2019-04-02 11:44:00',1),(1126,'UNDERGRADUATE',1,0,'2019-04-02 00:12:00',1),(1127,'UNDERGRADUATE',1,0,'2019-04-02 01:18:00',1),(1128,'UNDERGRADUATE',1,0,'2019-04-02 05:35:00',1),(1129,'UNDERGRADUATE',1,0,'2019-04-02 15:20:00',1),(1130,'UNDERGRADUATE',1,0,'2019-04-02 04:20:00',1),(1131,'UNDERGRADUATE',1,0,'2019-04-02 16:08:00',1),(1132,'UNDERGRADUATE',1,0,'2019-04-02 09:50:00',1),(1133,'UNDERGRADUATE',1,0,'2019-04-02 11:36:00',1),(1134,'UNDERGRADUATE',1,0,'2019-04-02 05:19:00',1),(1135,'UNDERGRADUATE',1,0,'2019-04-02 18:43:00',1),(1136,'UNDERGRADUATE',1,0,'2019-04-02 23:59:00',1),(1137,'UNDERGRADUATE',1,0,'2019-04-02 23:14:00',1),(1138,'UNDERGRADUATE',1,0,'2019-04-02 06:08:00',1),(1139,'UNDERGRADUATE',1,0,'2019-04-02 10:46:00',1),(1140,'UNDERGRADUATE',1,0,'2019-04-02 08:50:00',1),(1141,'UNDERGRADUATE',1,0,'2019-04-02 17:45:00',1),(1142,'UNDERGRADUATE',1,0,'2019-04-02 18:37:00',1),(1143,'UNDERGRADUATE',1,0,'2019-04-02 05:04:00',1),(1144,'UNDERGRADUATE',1,0,'2019-04-02 05:23:00',1),(1145,'UNDERGRADUATE',1,0,'2019-04-02 04:43:00',1),(1146,'UNDERGRADUATE',1,0,'2019-04-02 17:18:00',1),(1147,'UNDERGRADUATE',1,0,'2019-04-02 00:21:00',1),(1148,'UNDERGRADUATE',1,0,'2019-04-02 01:08:00',1),(1149,'UNDERGRADUATE',1,0,'2019-04-02 20:44:00',1),(1150,'UNDERGRADUATE',1,0,'2019-04-02 10:05:00',1),(1151,'UNDERGRADUATE',1,0,'2019-04-02 22:49:00',1),(1152,'UNDERGRADUATE',1,0,'2019-04-02 01:22:00',1),(1153,'UNDERGRADUATE',1,0,'2019-04-02 22:44:00',1),(1154,'UNDERGRADUATE',1,0,'2019-04-02 00:47:00',1),(1155,'UNDERGRADUATE',1,0,'2019-04-02 17:06:00',1),(1156,'UNDERGRADUATE',1,0,'2019-04-02 21:00:00',1),(1157,'UNDERGRADUATE',1,0,'2019-04-02 02:09:00',1),(1158,'UNDERGRADUATE',1,0,'2019-04-02 00:17:00',1),(1159,'UNDERGRADUATE',1,0,'2019-04-02 22:58:00',1),(1160,'UNDERGRADUATE',1,0,'2019-04-02 06:52:00',1),(1161,'UNDERGRADUATE',1,0,'2019-04-02 10:43:00',1),(1162,'UNDERGRADUATE',1,0,'2019-04-02 14:00:00',1),(1163,'UNDERGRADUATE',1,0,'2019-04-02 04:19:00',1),(1164,'UNDERGRADUATE',1,0,'2019-04-02 08:14:00',1),(1165,'UNDERGRADUATE',1,0,'2019-04-02 18:29:00',1),(1166,'UNDERGRADUATE',1,0,'2019-04-02 21:57:00',1),(1167,'UNDERGRADUATE',1,0,'2019-04-02 18:13:00',1),(1168,'UNDERGRADUATE',1,0,'2019-04-02 15:12:00',1),(1169,'UNDERGRADUATE',1,0,'2019-04-02 00:10:00',1),(1170,'UNDERGRADUATE',1,0,'2019-04-02 13:44:00',1),(1171,'UNDERGRADUATE',1,0,'2019-04-02 13:39:00',1),(1172,'UNDERGRADUATE',1,0,'2019-04-02 19:32:00',1),(1173,'UNDERGRADUATE',1,0,'2019-04-02 18:45:00',1),(1174,'UNDERGRADUATE',1,0,'2019-04-02 12:21:00',1),(1175,'UNDERGRADUATE',1,0,'2019-04-02 09:53:00',1),(1176,'UNDERGRADUATE',1,0,'2019-04-02 05:47:00',1),(1177,'UNDERGRADUATE',1,0,'2019-04-02 04:36:00',1),(1178,'UNDERGRADUATE',1,0,'2019-04-02 08:14:00',1),(1179,'UNDERGRADUATE',1,0,'2019-04-02 13:23:00',1),(1180,'UNDERGRADUATE',1,0,'2019-04-02 01:58:00',1),(1181,'UNDERGRADUATE',1,0,'2019-04-02 09:09:00',1),(1182,'UNDERGRADUATE',1,0,'2019-04-02 17:29:00',1),(1183,'UNDERGRADUATE',1,0,'2019-04-02 18:56:00',1),(1184,'UNDERGRADUATE',1,0,'2019-04-02 04:43:00',1),(1185,'UNDERGRADUATE',1,0,'2019-04-02 15:03:00',1),(1186,'UNDERGRADUATE',1,0,'2019-04-02 01:08:00',1),(1187,'UNDERGRADUATE',1,0,'2019-04-02 02:31:00',1),(1188,'UNDERGRADUATE',1,0,'2019-04-02 06:04:00',1),(1189,'UNDERGRADUATE',1,0,'2019-04-02 22:58:00',1),(1190,'UNDERGRADUATE',1,0,'2019-04-02 13:28:00',1),(1191,'GRADUATE',2,0,'2019-04-02 09:23:00',2),(1192,'GRADUATE',2,0,'2019-04-02 03:27:00',2),(1193,'GRADUATE',2,0,'2019-04-02 06:15:00',2),(1194,'GRADUATE',2,0,'2019-04-02 08:46:00',2),(1195,'GRADUATE',2,0,'2019-04-02 04:10:00',2),(1196,'GRADUATE',2,0,'2019-04-02 10:58:00',2),(1197,'GRADUATE',2,0,'2019-04-02 07:11:00',2),(1198,'GRADUATE',2,0,'2019-04-02 11:57:00',2),(1199,'GRADUATE',2,0,'2019-04-02 05:42:00',2),(1200,'GRADUATE',2,0,'2019-04-02 20:01:00',2),(1201,'GRADUATE',2,0,'2019-04-02 04:11:00',2),(1202,'GRADUATE',2,0,'2019-04-02 02:07:00',2),(1203,'GRADUATE',2,0,'2019-04-02 14:17:00',2),(1204,'GRADUATE',2,0,'2019-04-02 14:28:00',2),(1205,'GRADUATE',2,0,'2019-04-02 22:09:00',2),(1206,'GRADUATE',2,0,'2019-04-02 10:57:00',2),(1207,'GRADUATE',2,0,'2019-04-02 21:18:00',2),(1208,'GRADUATE',2,0,'2019-04-02 22:53:00',2),(1209,'GRADUATE',2,0,'2019-04-02 21:45:00',2),(1210,'GRADUATE',2,0,'2019-04-02 19:13:00',2),(1211,'GRADUATE',2,0,'2019-04-02 23:02:00',2),(1212,'GRADUATE',2,0,'2019-04-02 15:31:00',2),(1213,'GRADUATE',2,0,'2019-04-02 15:57:00',2),(1214,'GRADUATE',2,0,'2019-04-02 23:16:00',2),(1215,'GRADUATE',2,0,'2019-04-02 05:40:00',2),(1216,'GRADUATE',2,0,'2019-04-02 03:05:00',2),(1217,'GRADUATE',2,0,'2019-04-02 23:03:00',2),(1218,'GRADUATE',2,0,'2019-04-02 18:53:00',2),(1219,'GRADUATE',2,0,'2019-04-02 01:06:00',2),(1220,'GRADUATE',2,0,'2019-04-02 07:18:00',2),(1221,'GRADUATE',2,0,'2019-04-02 15:28:00',2),(1222,'GRADUATE',2,0,'2019-04-02 03:25:00',2),(1223,'GRADUATE',2,0,'2019-04-02 01:59:00',2),(1224,'GRADUATE',2,0,'2019-04-02 02:16:00',2),(1225,'GRADUATE',2,0,'2019-04-02 13:52:00',2),(1226,'GRADUATE',2,0,'2019-04-02 10:07:00',2),(1227,'GRADUATE',2,0,'2019-04-02 03:12:00',2),(1228,'GRADUATE',2,0,'2019-04-02 05:18:00',2),(1229,'GRADUATE',2,0,'2019-04-02 09:06:00',2),(1230,'GRADUATE',2,0,'2019-04-02 15:27:00',2),(1231,'GRADUATE',2,0,'2019-04-02 15:29:00',2),(1232,'GRADUATE',2,0,'2019-04-02 11:55:00',2),(1233,'GRADUATE',2,0,'2019-04-02 05:42:00',2),(1234,'GRADUATE',2,0,'2019-04-02 17:48:00',2),(1235,'GRADUATE',2,0,'2019-04-02 00:12:00',2),(1236,'GRADUATE',2,0,'2019-04-02 02:43:00',2),(1237,'GRADUATE',2,0,'2019-04-02 11:26:00',2),(1238,'GRADUATE',2,0,'2019-04-02 12:27:00',2),(1239,'GRADUATE',2,0,'2019-04-02 10:01:00',2),(1240,'GRADUATE',2,0,'2019-04-02 08:54:00',2),(1241,'GRADUATE',2,0,'2019-04-02 10:28:00',2),(1242,'GRADUATE',2,0,'2019-04-02 17:59:00',2),(1243,'GRADUATE',2,0,'2019-04-02 05:38:00',2),(1244,'GRADUATE',2,0,'2019-04-02 07:02:00',2),(1245,'GRADUATE',2,0,'2019-04-02 17:08:00',2),(1246,'GRADUATE',2,0,'2019-04-02 09:09:00',2),(1247,'GRADUATE',2,0,'2019-04-02 00:58:00',2),(1248,'GRADUATE',2,0,'2019-04-02 02:55:00',2),(1249,'GRADUATE',2,0,'2019-04-02 18:56:00',2),(1250,'GRADUATE',2,0,'2019-04-02 02:23:00',2),(1251,'GRADUATE',2,0,'2019-04-02 22:54:00',2),(1252,'GRADUATE',2,0,'2019-04-02 05:15:00',2),(1253,'GRADUATE',2,0,'2019-04-02 00:40:00',2),(1254,'GRADUATE',2,0,'2019-04-02 00:10:00',2),(1255,'TeacherPO',3,0,'2019-04-03 14:27:00',3),(1256,'TeacherPO',3,0,'2019-04-03 01:40:00',3),(1257,'TeacherPO',3,0,'2019-04-03 08:48:00',3),(1258,'TeacherPO',3,0,'2019-04-03 06:12:00',3),(1259,'TeacherPO',3,0,'2019-04-03 02:19:00',3),(1260,'TeacherPO',3,0,'2019-04-03 19:55:00',3),(1261,'TeacherPO',3,0,'2019-04-03 07:29:00',3),(1262,'TeacherPO',3,0,'2019-04-03 19:55:00',3),(1263,'TeacherPO',3,0,'2019-04-03 04:26:00',3),(1264,'TeacherPO',3,0,'2019-04-03 22:14:00',3),(1265,'TeacherPO',3,0,'2019-04-03 15:33:00',3),(1266,'TeacherPO',3,0,'2019-04-03 07:36:00',3),(1267,'TeacherPO',3,0,'2019-04-03 09:30:00',3),(1268,'TeacherPO',3,0,'2019-04-03 02:48:00',3),(1269,'UNDERGRADUATE',1,0,'2019-04-03 03:48:00',1),(1270,'UNDERGRADUATE',1,0,'2019-04-03 10:01:00',1),(1271,'UNDERGRADUATE',1,0,'2019-04-03 02:24:00',1),(1272,'UNDERGRADUATE',1,0,'2019-04-03 12:00:00',1),(1273,'UNDERGRADUATE',1,0,'2019-04-03 16:04:00',1),(1274,'UNDERGRADUATE',1,0,'2019-04-03 17:50:00',1),(1275,'UNDERGRADUATE',1,0,'2019-04-03 19:25:00',1),(1276,'UNDERGRADUATE',1,0,'2019-04-03 19:47:00',1),(1277,'UNDERGRADUATE',1,0,'2019-04-03 17:24:00',1),(1278,'UNDERGRADUATE',1,0,'2019-04-03 13:13:00',1),(1279,'UNDERGRADUATE',1,0,'2019-04-03 08:42:00',1),(1280,'UNDERGRADUATE',1,0,'2019-04-03 17:13:00',1),(1281,'UNDERGRADUATE',1,0,'2019-04-03 10:07:00',1),(1282,'UNDERGRADUATE',1,0,'2019-04-03 17:34:00',1),(1283,'UNDERGRADUATE',1,0,'2019-04-03 22:20:00',1),(1284,'UNDERGRADUATE',1,0,'2019-04-03 01:14:00',1),(1285,'UNDERGRADUATE',1,0,'2019-04-03 18:34:00',1),(1286,'UNDERGRADUATE',1,0,'2019-04-03 01:33:00',1),(1287,'UNDERGRADUATE',1,0,'2019-04-03 12:31:00',1),(1288,'UNDERGRADUATE',1,0,'2019-04-03 08:25:00',1),(1289,'UNDERGRADUATE',1,0,'2019-04-03 00:20:00',1),(1290,'UNDERGRADUATE',1,0,'2019-04-03 11:24:00',1),(1291,'UNDERGRADUATE',1,0,'2019-04-03 12:17:00',1),(1292,'UNDERGRADUATE',1,0,'2019-04-03 22:05:00',1),(1293,'UNDERGRADUATE',1,0,'2019-04-03 23:37:00',1),(1294,'UNDERGRADUATE',1,0,'2019-04-03 17:02:00',1),(1295,'UNDERGRADUATE',1,0,'2019-04-03 23:01:00',1),(1296,'UNDERGRADUATE',1,0,'2019-04-03 04:42:00',1),(1297,'UNDERGRADUATE',1,0,'2019-04-03 02:05:00',1),(1298,'UNDERGRADUATE',1,0,'2019-04-03 13:07:00',1),(1299,'UNDERGRADUATE',1,0,'2019-04-03 05:05:00',1),(1300,'UNDERGRADUATE',1,0,'2019-04-03 14:10:00',1),(1301,'UNDERGRADUATE',1,0,'2019-04-03 16:23:00',1),(1302,'UNDERGRADUATE',1,0,'2019-04-03 12:16:00',1),(1303,'UNDERGRADUATE',1,0,'2019-04-03 18:39:00',1),(1304,'UNDERGRADUATE',1,0,'2019-04-03 17:42:00',1),(1305,'UNDERGRADUATE',1,0,'2019-04-03 16:43:00',1),(1306,'UNDERGRADUATE',1,0,'2019-04-03 19:29:00',1),(1307,'UNDERGRADUATE',1,0,'2019-04-03 01:57:00',1),(1308,'UNDERGRADUATE',1,0,'2019-04-03 22:41:00',1),(1309,'UNDERGRADUATE',1,0,'2019-04-03 14:34:00',1),(1310,'UNDERGRADUATE',1,0,'2019-04-03 12:27:00',1),(1311,'UNDERGRADUATE',1,0,'2019-04-03 05:30:00',1),(1312,'UNDERGRADUATE',1,0,'2019-04-03 21:20:00',1),(1313,'UNDERGRADUATE',1,0,'2019-04-03 20:02:00',1),(1314,'UNDERGRADUATE',1,0,'2019-04-03 17:29:00',1),(1315,'UNDERGRADUATE',1,0,'2019-04-03 18:18:00',1),(1316,'UNDERGRADUATE',1,0,'2019-04-03 10:46:00',1),(1317,'UNDERGRADUATE',1,0,'2019-04-03 09:29:00',1),(1318,'UNDERGRADUATE',1,0,'2019-04-03 23:40:00',1),(1319,'UNDERGRADUATE',1,0,'2019-04-03 00:42:00',1),(1320,'UNDERGRADUATE',1,0,'2019-04-03 03:52:00',1),(1321,'UNDERGRADUATE',1,0,'2019-04-03 05:41:00',1),(1322,'UNDERGRADUATE',1,0,'2019-04-03 21:53:00',1),(1323,'UNDERGRADUATE',1,0,'2019-04-03 16:51:00',1),(1324,'UNDERGRADUATE',1,0,'2019-04-03 00:53:00',1),(1325,'UNDERGRADUATE',1,0,'2019-04-03 10:58:00',1),(1326,'UNDERGRADUATE',1,0,'2019-04-03 18:04:00',1),(1327,'UNDERGRADUATE',1,0,'2019-04-03 04:41:00',1),(1328,'UNDERGRADUATE',1,0,'2019-04-03 01:46:00',1),(1329,'UNDERGRADUATE',1,0,'2019-04-03 04:05:00',1),(1330,'UNDERGRADUATE',1,0,'2019-04-03 01:24:00',1),(1331,'UNDERGRADUATE',1,0,'2019-04-03 02:58:00',1),(1332,'UNDERGRADUATE',1,0,'2019-04-03 19:25:00',1),(1333,'UNDERGRADUATE',1,0,'2019-04-03 10:29:00',1),(1334,'UNDERGRADUATE',1,0,'2019-04-03 00:19:00',1),(1335,'UNDERGRADUATE',1,0,'2019-04-03 02:22:00',1),(1336,'UNDERGRADUATE',1,0,'2019-04-03 19:09:00',1),(1337,'UNDERGRADUATE',1,0,'2019-04-03 10:13:00',1),(1338,'UNDERGRADUATE',1,0,'2019-04-03 12:24:00',1),(1339,'UNDERGRADUATE',1,0,'2019-04-03 19:38:00',1),(1340,'UNDERGRADUATE',1,0,'2019-04-03 16:00:00',1),(1341,'UNDERGRADUATE',1,0,'2019-04-03 08:15:00',1),(1342,'UNDERGRADUATE',1,0,'2019-04-03 22:24:00',1),(1343,'UNDERGRADUATE',1,0,'2019-04-03 01:02:00',1),(1344,'UNDERGRADUATE',1,0,'2019-04-03 05:53:00',1),(1345,'UNDERGRADUATE',1,0,'2019-04-03 15:32:00',1),(1346,'UNDERGRADUATE',1,0,'2019-04-03 00:04:00',1),(1347,'UNDERGRADUATE',1,0,'2019-04-03 18:05:00',1),(1348,'UNDERGRADUATE',1,0,'2019-04-03 20:35:00',1),(1349,'UNDERGRADUATE',1,0,'2019-04-03 13:34:00',1),(1350,'UNDERGRADUATE',1,0,'2019-04-03 16:55:00',1),(1351,'UNDERGRADUATE',1,0,'2019-04-03 11:10:00',1),(1352,'UNDERGRADUATE',1,0,'2019-04-03 19:48:00',1),(1353,'UNDERGRADUATE',1,0,'2019-04-03 11:00:00',1),(1354,'UNDERGRADUATE',1,0,'2019-04-03 04:34:00',1),(1355,'UNDERGRADUATE',1,0,'2019-04-03 07:29:00',1),(1356,'UNDERGRADUATE',1,0,'2019-04-03 02:51:00',1),(1357,'UNDERGRADUATE',1,0,'2019-04-03 11:34:00',1),(1358,'UNDERGRADUATE',1,0,'2019-04-03 04:57:00',1),(1359,'UNDERGRADUATE',1,0,'2019-04-03 16:46:00',1),(1360,'UNDERGRADUATE',1,0,'2019-04-03 19:43:00',1),(1361,'UNDERGRADUATE',1,0,'2019-04-03 00:32:00',1),(1362,'UNDERGRADUATE',1,0,'2019-04-03 19:20:00',1),(1363,'UNDERGRADUATE',1,0,'2019-04-03 11:35:00',1),(1364,'UNDERGRADUATE',1,0,'2019-04-03 16:09:00',1),(1365,'UNDERGRADUATE',1,0,'2019-04-03 16:33:00',1),(1366,'UNDERGRADUATE',1,0,'2019-04-03 06:45:00',1),(1367,'UNDERGRADUATE',1,0,'2019-04-03 00:02:00',1),(1368,'UNDERGRADUATE',1,0,'2019-04-03 08:31:00',1),(1369,'UNDERGRADUATE',1,0,'2019-04-03 13:46:00',1),(1370,'UNDERGRADUATE',1,0,'2019-04-03 18:30:00',1),(1371,'UNDERGRADUATE',1,0,'2019-04-03 16:43:00',1),(1372,'UNDERGRADUATE',1,0,'2019-04-03 19:24:00',1),(1373,'UNDERGRADUATE',1,0,'2019-04-03 15:58:00',1),(1374,'UNDERGRADUATE',1,0,'2019-04-03 01:30:00',1),(1375,'UNDERGRADUATE',1,0,'2019-04-03 21:55:00',1),(1376,'UNDERGRADUATE',1,0,'2019-04-03 00:56:00',1),(1377,'UNDERGRADUATE',1,0,'2019-04-03 03:40:00',1),(1378,'UNDERGRADUATE',1,0,'2019-04-03 14:06:00',1),(1379,'UNDERGRADUATE',1,0,'2019-04-03 04:56:00',1),(1380,'UNDERGRADUATE',1,0,'2019-04-03 05:18:00',1),(1381,'UNDERGRADUATE',1,0,'2019-04-03 23:14:00',1),(1382,'UNDERGRADUATE',1,0,'2019-04-03 20:53:00',1),(1383,'UNDERGRADUATE',1,0,'2019-04-03 13:14:00',1),(1384,'UNDERGRADUATE',1,0,'2019-04-03 15:54:00',1),(1385,'GRADUATE',2,0,'2019-04-03 14:06:00',2),(1386,'GRADUATE',2,0,'2019-04-03 14:41:00',2),(1387,'GRADUATE',2,0,'2019-04-03 13:01:00',2),(1388,'GRADUATE',2,0,'2019-04-03 18:24:00',2),(1389,'GRADUATE',2,0,'2019-04-03 05:45:00',2),(1390,'GRADUATE',2,0,'2019-04-03 10:07:00',2),(1391,'GRADUATE',2,0,'2019-04-03 15:41:00',2),(1392,'GRADUATE',2,0,'2019-04-03 11:44:00',2),(1393,'GRADUATE',2,0,'2019-04-03 21:43:00',2),(1394,'GRADUATE',2,0,'2019-04-03 21:56:00',2),(1395,'GRADUATE',2,0,'2019-04-03 12:30:00',2),(1396,'GRADUATE',2,0,'2019-04-03 19:44:00',2),(1397,'GRADUATE',2,0,'2019-04-03 05:10:00',2),(1398,'GRADUATE',2,0,'2019-04-03 15:02:00',2),(1399,'GRADUATE',2,0,'2019-04-03 14:46:00',2),(1400,'GRADUATE',2,0,'2019-04-03 01:56:00',2),(1401,'GRADUATE',2,0,'2019-04-03 01:35:00',2),(1402,'GRADUATE',2,0,'2019-04-03 04:32:00',2),(1403,'GRADUATE',2,0,'2019-04-03 08:53:00',2),(1404,'GRADUATE',2,0,'2019-04-03 22:55:00',2),(1405,'GRADUATE',2,0,'2019-04-03 20:15:00',2),(1406,'GRADUATE',2,0,'2019-04-03 10:19:00',2),(1407,'GRADUATE',2,0,'2019-04-03 09:48:00',2),(1408,'GRADUATE',2,0,'2019-04-03 04:48:00',2),(1409,'GRADUATE',2,0,'2019-04-03 23:17:00',2),(1410,'GRADUATE',2,0,'2019-04-03 08:10:00',2),(1411,'GRADUATE',2,0,'2019-04-03 16:59:00',2),(1412,'GRADUATE',2,0,'2019-04-03 23:37:00',2),(1413,'GRADUATE',2,0,'2019-04-03 09:53:00',2),(1414,'GRADUATE',2,0,'2019-04-03 15:47:00',2),(1415,'GRADUATE',2,0,'2019-04-03 22:11:00',2),(1416,'GRADUATE',2,0,'2019-04-03 13:35:00',2),(1417,'GRADUATE',2,0,'2019-04-03 23:42:00',2),(1418,'GRADUATE',2,0,'2019-04-03 02:11:00',2),(1419,'GRADUATE',2,0,'2019-04-03 09:08:00',2),(1420,'GRADUATE',2,0,'2019-04-03 08:15:00',2),(1421,'GRADUATE',2,0,'2019-04-03 02:20:00',2),(1422,'GRADUATE',2,0,'2019-04-03 07:57:00',2),(1423,'GRADUATE',2,0,'2019-04-03 21:19:00',2),(1424,'GRADUATE',2,0,'2019-04-03 16:30:00',2),(1425,'GRADUATE',2,0,'2019-04-03 14:26:00',2),(1426,'GRADUATE',2,0,'2019-04-03 20:19:00',2),(1427,'GRADUATE',2,0,'2019-04-03 18:40:00',2),(1428,'GRADUATE',2,0,'2019-04-03 10:57:00',2),(1429,'GRADUATE',2,0,'2019-04-03 14:12:00',2),(1430,'GRADUATE',2,0,'2019-04-03 13:35:00',2),(1431,'GRADUATE',2,0,'2019-04-03 03:40:00',2),(1432,'GRADUATE',2,0,'2019-04-03 22:13:00',2),(1433,'GRADUATE',2,0,'2019-04-03 11:18:00',2),(1434,'GRADUATE',2,0,'2019-04-03 18:43:00',2),(1435,'GRADUATE',2,0,'2019-04-03 11:16:00',2),(1436,'GRADUATE',2,0,'2019-04-03 10:08:00',2),(1437,'GRADUATE',2,0,'2019-04-03 20:23:00',2),(1438,'GRADUATE',2,0,'2019-04-03 11:41:00',2),(1439,'GRADUATE',2,0,'2019-04-03 23:36:00',2),(1440,'GRADUATE',2,0,'2019-04-03 10:10:00',2),(1441,'GRADUATE',2,0,'2019-04-03 13:02:00',2),(1442,'GRADUATE',2,0,'2019-04-03 22:47:00',2),(1443,'GRADUATE',2,0,'2019-04-03 16:25:00',2),(1444,'GRADUATE',2,0,'2019-04-03 17:29:00',2),(1445,'GRADUATE',2,0,'2019-04-03 02:40:00',2),(1446,'GRADUATE',2,0,'2019-04-03 20:07:00',2),(1447,'GRADUATE',2,0,'2019-04-03 16:23:00',2),(1448,'GRADUATE',2,0,'2019-04-03 15:52:00',2),(1449,'GRADUATE',2,0,'2019-04-03 10:31:00',2),(1450,'GRADUATE',2,0,'2019-04-03 10:39:00',2),(1451,'GRADUATE',2,0,'2019-04-03 02:06:00',2),(1452,'GRADUATE',2,0,'2019-04-03 02:11:00',2),(1453,'GRADUATE',2,0,'2019-04-03 06:09:00',2),(1454,'GRADUATE',2,0,'2019-04-03 19:26:00',2),(1455,'GRADUATE',2,0,'2019-04-03 20:09:00',2),(1456,'GRADUATE',2,0,'2019-04-03 06:28:00',2),(1457,'GRADUATE',2,0,'2019-04-03 01:54:00',2),(1458,'GRADUATE',2,0,'2019-04-03 16:49:00',2),(1459,'GRADUATE',2,0,'2019-04-03 13:38:00',2),(1460,'GRADUATE',2,0,'2019-04-03 23:03:00',2),(1461,'GRADUATE',2,0,'2019-04-03 07:37:00',2),(1462,'GRADUATE',2,0,'2019-04-03 10:03:00',2),(1463,'AdminPO',4,0,'2019-04-04 11:17:40',4),(1464,'TeacherPO',3,0,'2019-04-04 11:19:45',3),(1465,'UNDERGRADUATE',1,0,'2019-04-04 11:45:22',1),(1466,'TeacherPO',3,0,'2019-04-04 13:35:53',3),(1467,'UNDERGRADUATE',10,0,'2019-04-04 13:41:03',10),(1468,'UNDERGRADUATE',10,0,'2019-04-04 13:48:05',10),(1469,'UNDERGRADUATE',1,0,'2019-04-04 13:48:26',1),(1470,'UNDERGRADUATE',10,0,'2019-04-04 13:49:07',10),(1471,'po.ClassPO',1,1,'2019-04-04 14:02:49',10),(1472,'UNDERGRADUATE',10,0,'2019-04-04 14:04:17',10),(1473,'po.ClassPO',1,1,'2019-04-04 14:18:17',10),(1474,'TeacherPO',3,0,'2019-04-04 14:18:37',3),(1475,'AdminPO',4,0,'2019-04-04 14:18:54',4),(1476,'TeacherPO',9,0,'2019-04-04 14:20:49',9),(1477,'UNDERGRADUATE',1,0,'2019-04-04 14:21:26',1),(1478,'AdminPO',4,0,'2019-04-04 14:21:38',4),(1479,'TeacherPO',9,0,'2019-04-04 14:21:56',9),(1480,'TeacherPO',9,0,'2019-04-04 14:22:28',9),(1481,'UNDERGRADUATE',1,0,'2019-04-04 14:23:19',1),(1482,'AdminPO',4,0,'2019-04-04 14:23:35',4),(1483,'UNDERGRADUATE',1,0,'2019-04-04 14:24:06',1),(1484,'TeacherPO',9,0,'2019-04-04 14:28:49',9),(1485,'UNDERGRADUATE',1,0,'2019-04-04 14:34:07',1),(1486,'UNDERGRADUATE',10,0,'2019-04-04 14:34:54',10),(1487,'TeacherPO',9,0,'2019-04-04 14:36:15',9),(1488,'TeacherPO',9,0,'2019-04-04 14:53:31',9),(1489,'TeacherPO',9,0,'2019-04-04 15:10:21',9),(1490,'UNDERGRADUATE',10,0,'2019-04-04 15:26:46',10),(1491,'TeacherPO',9,0,'2019-04-04 15:27:03',9),(1492,'TeacherPO',9,0,'2019-04-04 16:13:31',9),(1493,'UNDERGRADUATE',1,0,'2019-04-04 16:17:54',1),(1494,'UNDERGRADUATE',1,0,'2019-04-04 16:18:09',1),(1495,'TeacherPO',3,0,'2019-04-04 16:18:31',3),(1496,'TeacherPO',9,0,'2019-04-04 16:23:00',9),(1497,'UNDERGRADUATE',1,0,'2019-04-04 16:37:43',1),(1498,'AdminPO',4,0,'2019-04-04 16:42:22',4),(1499,'UNDERGRADUATE',11,0,'2019-04-04 17:00:09',11),(1500,'TeacherPO',12,0,'2019-04-04 17:05:43',12),(1501,'AdminPO',4,0,'2019-04-04 17:06:26',4),(1502,'TeacherPO',12,0,'2019-04-04 17:06:45',12),(1503,'AdminPO',4,0,'2019-04-04 17:07:29',4),(1504,'TeacherPO',3,0,'2019-04-04 17:07:54',3),(1505,'AdminPO',4,0,'2019-04-04 17:09:23',4),(1506,'TeacherPO',3,0,'2019-04-04 17:09:35',3),(1507,'UNDERGRADUATE',11,0,'2019-04-04 17:15:44',11),(1508,'UNDERGRADUATE',1,0,'2019-04-04 17:16:03',1),(1509,'UNDERGRADUATE',1,0,'2019-04-04 17:16:13',1),(1510,'po.ClassPO',4,1,'2019-04-04 17:19:20',1),(1511,'AdminPO',4,0,'2019-04-04 17:20:21',4);

#
# Structure for table "message"
#

DROP TABLE IF EXISTS `message`;
CREATE TABLE `message` (
  `id` bigint(20) NOT NULL AUTO_INCREMENT,
  `message` varchar(255) DEFAULT NULL,
  `receiver_id` bigint(20) DEFAULT NULL,
  `sender_id` bigint(20) DEFAULT NULL,
  `time` datetime DEFAULT NULL,
  `title` varchar(255) DEFAULT NULL,
  `unread` bit(1) NOT NULL,
  PRIMARY KEY (`id`)
) ENGINE=InnoDB AUTO_INCREMENT=31 DEFAULT CHARSET=utf8;

#
# Data for table "message"
#

INSERT INTO `message` VALUES (19,'您发布的课程《计算机系统基础》已自动开课。',3,NULL,'2019-03-31 20:16:24','自动开课通知',b'1'),(20,'您创建的课程《Linux 基础》已通过管理员审核，您现在可以发布该课程了。',9,NULL,'2019-04-04 14:21:42','创建课程审核通过',b'1'),(21,'您发布的课程《Linux 基础》已通过管理员审核，到开课时间后会自动开课。',9,NULL,'2019-04-04 14:23:38','发布课程审核通过',b'1'),(22,'您发布的课程《Linux 基础》已通过管理员审核，到开课时间后会自动开课。',9,NULL,'2019-04-04 14:23:39','发布课程审核通过',b'1'),(24,'您创建的课程《多核并发编程》已通过管理员审核，您现在可以发布该课程了。',12,NULL,'2019-04-04 17:06:34','创建课程审核通过',b'1'),(25,'您发布的课程《多核并发编程》已通过管理员审核，到开课时间后会自动开课。',12,NULL,'2019-04-04 17:07:34','发布课程审核通过',b'1'),(26,'您发布的课程《多核并发编程》已通过管理员审核，到开课时间后会自动开课。',12,NULL,'2019-04-04 17:07:36','发布课程审核通过',b'1'),(27,'您发布的课程《计算机系统基础》已通过管理员审核，到开课时间后会自动开课。',3,NULL,'2019-04-04 17:09:28','发布课程审核通过',b'1'),(28,'成绩已经公布。',1,3,'2019-04-04 17:13:58','成绩公布',b'1'),(29,'您发布的课程《多核并发编程》已自动开课。',12,NULL,'2019-04-04 17:17:19','自动开课通知',b'1'),(30,'您发布的课程《多核并发编程》已自动开课。',12,NULL,'2019-04-04 17:17:19','自动开课通知',b'1');

#
# Structure for table "post"
#

DROP TABLE IF EXISTS `post`;
CREATE TABLE `post` (
  `id` bigint(20) NOT NULL AUTO_INCREMENT,
  `text` varchar(255) DEFAULT NULL,
  `time` datetime DEFAULT NULL,
  `title` varchar(255) DEFAULT NULL,
  `user_id` bigint(20) DEFAULT NULL,
  `course_id` bigint(20) DEFAULT NULL,
  PRIMARY KEY (`id`),
  KEY `FKe7p5x3rqf74eb00ynw9x85l5r` (`course_id`),
  CONSTRAINT `FKe7p5x3rqf74eb00ynw9x85l5r` FOREIGN KEY (`course_id`) REFERENCES `course` (`id`)
) ENGINE=InnoDB AUTO_INCREMENT=7 DEFAULT CHARSET=utf8;

#
# Data for table "post"
#

INSERT INTO `post` VALUES (1,'预习','2019-03-29 14:28:37','建议',3,1),(2,'复习','2019-03-29 14:37:16','建议 ',3,1),(3,'准备考试','2019-03-29 14:39:01','建议',3,1),(4,'请问作业格式是怎样的呢？','2019-03-31 21:38:57','关于作业2',1,1),(5,'我刚刚补选上了这门课，请问这门课有什么要注意的吗？','2019-04-04 14:06:16','我来晚啦',10,1),(6,'本课程即将结课。','2019-04-04 17:14:30','结课通知',3,1);

#
# Structure for table "reply"
#

DROP TABLE IF EXISTS `reply`;
CREATE TABLE `reply` (
  `id` bigint(20) NOT NULL AUTO_INCREMENT,
  `post_id` bigint(20) DEFAULT NULL,
  `text` varchar(255) DEFAULT NULL,
  `time` datetime DEFAULT NULL,
  `user_id` bigint(20) DEFAULT NULL,
  PRIMARY KEY (`id`),
  KEY `FKnpyg5e6pqr2v1y4y6pacte11q` (`post_id`),
  CONSTRAINT `FKnpyg5e6pqr2v1y4y6pacte11q` FOREIGN KEY (`post_id`) REFERENCES `post` (`id`)
) ENGINE=InnoDB AUTO_INCREMENT=6 DEFAULT CHARSET=utf8;

#
# Data for table "reply"
#

INSERT INTO `reply` VALUES (1,3,'复习重点下节课给','2019-03-29 14:40:48',3),(2,3,'注意：不能完全依赖复习重点。','2019-03-29 15:56:42',3),(3,3,'好的！','2019-03-31 21:38:39',1),(4,4,'捞一捞','2019-04-04 14:05:22',10),(5,6,'好的，多谢老师。','2019-04-04 17:18:52',1);

#
# Structure for table "submission"
#

DROP TABLE IF EXISTS `submission`;
CREATE TABLE `submission` (
  `id` bigint(20) NOT NULL AUTO_INCREMENT,
  `homework_id` bigint(20) DEFAULT NULL,
  `name` varchar(255) DEFAULT NULL,
  `student_id` bigint(20) DEFAULT NULL,
  `time` datetime DEFAULT NULL,
  PRIMARY KEY (`id`),
  KEY `FKkry4vgv9iivvb4phtn1qeu9h4` (`homework_id`),
  CONSTRAINT `FKkry4vgv9iivvb4phtn1qeu9h4` FOREIGN KEY (`homework_id`) REFERENCES `homework` (`id`)
) ENGINE=InnoDB AUTO_INCREMENT=5 DEFAULT CHARSET=utf8;

#
# Data for table "submission"
#

INSERT INTO `submission` VALUES (1,3,'161250042.docx',1,'2019-03-31 22:31:03'),(2,2,'161250042.docx',1,'2019-03-31 22:58:43'),(3,3,'161250042.docx',10,'2019-04-04 14:06:39'),(4,5,'161250042.java',1,'2019-04-04 17:17:45');

#
# Structure for table "user"
#

DROP TABLE IF EXISTS `user`;
CREATE TABLE `user` (
  `TYPE` char(1) NOT NULL,
  `id` bigint(20) NOT NULL AUTO_INCREMENT,
  `deleted` bit(1) NOT NULL,
  `email` varchar(255) DEFAULT NULL,
  `name` varchar(255) DEFAULT NULL,
  `password` varchar(255) DEFAULT NULL,
  `student_id` varchar(255) DEFAULT NULL,
  `student_type` int(11) DEFAULT NULL,
  PRIMARY KEY (`id`)
) ENGINE=InnoDB AUTO_INCREMENT=13 DEFAULT CHARSET=utf8;

#
# Data for table "user"
#

INSERT INTO `user` VALUES ('S',1,b'0','161250042@smail.nju.edu.cn','胡本霖','1','161250042',0),('S',2,b'0','161250040@smail.nju.edu.cn','洪儿子','1','161250040',0),('T',3,b'0','chenzhenyu@smail.nju.edu.cn','陈振宇','1',NULL,NULL),('A',4,b'0','zhangzg@admin','张主管','1',NULL,NULL),('T',5,b'0','liujia@smail.nju.edu.cn','刘嘉','1',NULL,NULL),('S',6,b'0','161250039@smail.nju.edu.cn','何天行','1','161250039',0),('S',7,b'0','161250043@smail.nju.edu.cn','胡明伟','1','161250043',0),('S',8,b'0','MG181250001@smail.nju.edu.cn','杨学长','1','MG181250001',1),('T',9,b'0','tey@smail.nju.edu.cn','tey','1',NULL,NULL),('S',10,b'1','161250042@smail.nju.edu.cn','胡本霖','1','161250042',0),('S',11,b'1','161250042@smail.nju.edu.cn','胡本霖','1','161250042',0),('T',12,b'0','linlaoshi@smail.nju.edu.cn','linlaoshi','1',NULL,NULL);

#
# Structure for table "student_homework_score"
#

DROP TABLE IF EXISTS `student_homework_score`;
CREATE TABLE `student_homework_score` (
  `HomeworkPO_id` bigint(20) NOT NULL,
  `score` double DEFAULT NULL,
  `student_id` bigint(20) NOT NULL,
  PRIMARY KEY (`HomeworkPO_id`,`student_id`),
  KEY `FK2vvpsc3y4fmv5lbufdpln1pqc` (`student_id`),
  CONSTRAINT `FK2vvpsc3y4fmv5lbufdpln1pqc` FOREIGN KEY (`student_id`) REFERENCES `user` (`id`),
  CONSTRAINT `FKiu4l4p5kekfca8r0l08ilxqdw` FOREIGN KEY (`HomeworkPO_id`) REFERENCES `homework` (`id`)
) ENGINE=InnoDB DEFAULT CHARSET=utf8;

#
# Data for table "student_homework_score"
#

INSERT INTO `student_homework_score` VALUES (2,0,1),(3,100,1),(4,100,1),(5,0,1);

#
# Structure for table "student_class_score"
#

DROP TABLE IF EXISTS `student_class_score`;
CREATE TABLE `student_class_score` (
  `ClassPO_id` bigint(20) NOT NULL,
  `score` double DEFAULT NULL,
  `StudentPO_id` bigint(20) NOT NULL,
  PRIMARY KEY (`StudentPO_id`,`ClassPO_id`),
  KEY `FK8w6qejd2d7f77y71b44jcm4ek` (`ClassPO_id`),
  CONSTRAINT `FK8w6qejd2d7f77y71b44jcm4ek` FOREIGN KEY (`ClassPO_id`) REFERENCES `class` (`id`),
  CONSTRAINT `FKdd2budu94bjrajvtu42fa4sgi` FOREIGN KEY (`StudentPO_id`) REFERENCES `user` (`id`)
) ENGINE=InnoDB DEFAULT CHARSET=utf8;

#
# Data for table "student_class_score"
#

INSERT INTO `student_class_score` VALUES (1,0,1),(2,100,1),(2,0,11);
